Copyright 1986-2022 Xilinx, Inc. All Rights Reserved. Copyright 2022-2026 Advanced Micro Devices, Inc. All Rights Reserved.
------------------------------------------------------------------------------------------------------------------------------------------------------------------------------------------------------------------------------------------------------
| Tool Version : Vivado v.2026.1 (win64) Build 6511674 Tue Jun 16 11:02:23 MDT 2026
| Date         : Thu Sep 10 15:26:22 2026
| Host         : 403-09 running 64-bit major release  (build 9200)
| Command      : report_timing_summary -max_paths 10 -routable_nets -report_unconstrained -file rv32I_fpga_top_timing_summary_routed.rpt -pb rv32I_fpga_top_timing_summary_routed.pb -rpx rv32I_fpga_top_timing_summary_routed.rpx -warn_on_violation
| Design       : rv32I_fpga_top
| Device       : 7a35t-cpg236
| Speed File   : -1  PRODUCTION 1.23 2018-06-13
| Design State : Routed
------------------------------------------------------------------------------------------------------------------------------------------------------------------------------------------------------------------------------------------------------

Timing Summary Report

------------------------------------------------------------------------------------------------
| Timer Settings
| --------------
------------------------------------------------------------------------------------------------

  Enable Multi Corner Analysis               :  Yes
  Enable Pessimism Removal                   :  Yes
  Pessimism Removal Resolution               :  Nearest Common Node
  Enable Input Delay Default Clock           :  No
  Enable Preset / Clear Arcs                 :  No
  Disable Flight Delays                      :  No
  Ignore I/O Paths                           :  No
  Timing Early Launch at Borrowing Latches   :  No
  Borrow Time for Max Delay Exceptions       :  Yes
  Merge Timing Exceptions                    :  Yes
  Inter-SLR Compensation                     :  Conservative

  Corner  Analyze    Analyze    
  Name    Max Paths  Min Paths  
  ------  ---------  ---------  
  Slow    Yes        Yes        
  Fast    Yes        Yes        


------------------------------------------------------------------------------------------------
| Report Methodology
| ------------------
------------------------------------------------------------------------------------------------

Rule       Severity  Description                                                Violations  
---------  --------  ---------------------------------------------------------  ----------  
SYNTH-5    Warning   Mapped onto distributed RAM because of timing constraints  128         
TIMING-18  Warning   Missing input or output delay                              47          

Note: This report is based on the most recent report_methodology run and may not be up-to-date. Run report_methodology on the current design for the latest report.



check_timing report

Table of Contents
-----------------
1. checking no_clock (0)
2. checking constant_clock (0)
3. checking pulse_width_clock (0)
4. checking unconstrained_internal_endpoints (0)
5. checking no_input_delay (19)
6. checking no_output_delay (28)
7. checking multiple_clock (0)
8. checking generated_clocks (0)
9. checking loops (0)
10. checking partial_input_delay (0)
11. checking partial_output_delay (0)
12. checking latch_loops (0)

1. checking no_clock (0)
------------------------
 There are 0 register/latch pins with no clock.


2. checking constant_clock (0)
------------------------------
 There are 0 register/latch pins with constant_clock.


3. checking pulse_width_clock (0)
---------------------------------
 There are 0 register/latch pins which need pulse_width check


4. checking unconstrained_internal_endpoints (0)
------------------------------------------------
 There are 0 pins that are not constrained for maximum delay.

 There are 0 pins that are not constrained for maximum delay due to constant clock.


5. checking no_input_delay (19)
-------------------------------
 There are 19 input ports with no input delay specified. (HIGH)

 There are 0 input ports with no input delay but user has a false path constraint.


6. checking no_output_delay (28)
--------------------------------
 There are 28 ports with no output delay specified. (HIGH)

 There are 0 ports with no output delay but user has a false path constraint

 There are 0 ports with no output delay but with a timing clock defined on it or propagating through it


7. checking multiple_clock (0)
------------------------------
 There are 0 register/latch pins with multiple clocks.


8. checking generated_clocks (0)
--------------------------------
 There are 0 generated clocks that are not connected to a clock source.


9. checking loops (0)
---------------------
 There are 0 combinational loops in the design.


10. checking partial_input_delay (0)
------------------------------------
 There are 0 input ports with partial input delay specified.


11. checking partial_output_delay (0)
-------------------------------------
 There are 0 ports with partial output delay specified.


12. checking latch_loops (0)
----------------------------
 There are 0 combinational latch loops in the design through latch input



------------------------------------------------------------------------------------------------
| Design Timing Summary
| ---------------------
------------------------------------------------------------------------------------------------

    WNS(ns)      TNS(ns)  TNS Failing Endpoints  TNS Total Endpoints      WHS(ns)      THS(ns)  THS Failing Endpoints  THS Total Endpoints     WPWS(ns)     TPWS(ns)  TPWS Failing Endpoints  TPWS Total Endpoints  
    -------      -------  ---------------------  -------------------      -------      -------  ---------------------  -------------------     --------     --------  ----------------------  --------------------  
      0.623        0.000                      0                 9017        0.023        0.000                      0                 9017        3.750        0.000                       0                  2503  


All user specified timing constraints are met.


------------------------------------------------------------------------------------------------
| Clock Summary
| -------------
------------------------------------------------------------------------------------------------

Clock        Waveform(ns)       Period(ns)      Frequency(MHz)
-----        ------------       ----------      --------------
sys_clk_pin  {0.000 5.000}      10.000          100.000         


------------------------------------------------------------------------------------------------
| Intra Clock Table
| -----------------
------------------------------------------------------------------------------------------------

Clock             WNS(ns)      TNS(ns)  TNS Failing Endpoints  TNS Total Endpoints      WHS(ns)      THS(ns)  THS Failing Endpoints  THS Total Endpoints     WPWS(ns)     TPWS(ns)  TPWS Failing Endpoints  TPWS Total Endpoints  
-----             -------      -------  ---------------------  -------------------      -------      -------  ---------------------  -------------------     --------     --------  ----------------------  --------------------  
sys_clk_pin         0.623        0.000                      0                 9017        0.023        0.000                      0                 9017        3.750        0.000                       0                  2503  


------------------------------------------------------------------------------------------------
| Inter Clock Table
| -----------------
------------------------------------------------------------------------------------------------

From Clock    To Clock          WNS(ns)      TNS(ns)  TNS Failing Endpoints  TNS Total Endpoints      WHS(ns)      THS(ns)  THS Failing Endpoints  THS Total Endpoints  
----------    --------          -------      -------  ---------------------  -------------------      -------      -------  ---------------------  -------------------  


------------------------------------------------------------------------------------------------
| Other Path Groups Table
| -----------------------
------------------------------------------------------------------------------------------------

Path Group    From Clock    To Clock          WNS(ns)      TNS(ns)  TNS Failing Endpoints  TNS Total Endpoints      WHS(ns)      THS(ns)  THS Failing Endpoints  THS Total Endpoints  
----------    ----------    --------          -------      -------  ---------------------  -------------------      -------      -------  ---------------------  -------------------  


------------------------------------------------------------------------------------------------
| User Ignored Path Table
| -----------------------
------------------------------------------------------------------------------------------------

Path Group    From Clock    To Clock    
----------    ----------    --------    


------------------------------------------------------------------------------------------------
| Unconstrained Path Table
| ------------------------
------------------------------------------------------------------------------------------------

Path Group    From Clock    To Clock    
----------    ----------    --------    
(none)        sys_clk_pin                 
(none)                      sys_clk_pin   


------------------------------------------------------------------------------------------------
| Timing Details
| --------------
------------------------------------------------------------------------------------------------


---------------------------------------------------------------------------------------------------
From Clock:  sys_clk_pin
  To Clock:  sys_clk_pin

Setup :            0  Failing Endpoints,  Worst Slack        0.623ns,  Total Violation        0.000ns
Hold  :            0  Failing Endpoints,  Worst Slack        0.023ns,  Total Violation        0.000ns
PW    :            0  Failing Endpoints,  Worst Slack        3.750ns,  Total Violation        0.000ns
---------------------------------------------------------------------------------------------------


Max Delay Paths
--------------------------------------------------------------------------------------
Slack (MET) :             0.623ns  (required time - arrival time)
  Source:                 U_RV32I_SYSTEM/U_RV32I_CPU/U_DATAPATH/U_PIPE_MEM_WB/o_rd_reg[2]/C
                            (rising edge-triggered cell FDCE clocked by sys_clk_pin  {rise@0.000ns fall@5.000ns period=10.000ns})
  Destination:            U_RV32I_SYSTEM/U_RV32I_CPU/U_DATAPATH/U_PIPE_ID_EX/o_alu_src_reg/D
                            (rising edge-triggered cell FDCE clocked by sys_clk_pin  {rise@0.000ns fall@5.000ns period=10.000ns})
  Path Group:             sys_clk_pin
  Path Type:              Setup (Max at Slow Process Corner)
  Requirement:            10.000ns  (sys_clk_pin rise@10.000ns - sys_clk_pin rise@0.000ns)
  Data Path Delay:        9.258ns  (logic 2.229ns (24.076%)  route 7.029ns (75.924%))
  Logic Levels:           11  (CARRY4=1 LUT3=3 LUT4=2 LUT5=1 LUT6=4)
  Clock Path Skew:        -0.021ns (DCD - SCD + CPR)
    Destination Clock Delay (DCD):    4.780ns = ( 14.780 - 10.000 ) 
    Source Clock Delay      (SCD):    5.075ns
    Clock Pessimism Removal (CPR):    0.274ns
  Clock Uncertainty:      0.035ns  ((TSJ^2 + TIJ^2)^1/2 + DJ) / 2 + PE
    Total System Jitter     (TSJ):    0.071ns
    Total Input Jitter      (TIJ):    0.000ns
    Discrete Jitter          (DJ):    0.000ns
    Phase Error              (PE):    0.000ns

    Location             Delay type                Incr(ns)  Path(ns)    Netlist Resource(s)
  -------------------------------------------------------------------    -------------------
                         (clock sys_clk_pin rise edge)
                                                      0.000     0.000 r  <hidden>
    W5                                                0.000     0.000 r  clk
                         net (fo=0)                   0.000     0.000    clk
    W5                   IBUF (Prop_ibuf_I_O)         1.458     1.458 r  clk_IBUF_inst/O
                         net (fo=1, routed)           1.967     3.425    clk_IBUF
    BUFGCTRL_X0Y0        BUFG (Prop_bufg_I_O)         0.096     3.521 r  clk_IBUF_BUFG_inst/O
                         net (fo=2502, routed)        1.554     5.075    U_RV32I_SYSTEM/U_RV32I_CPU/U_DATAPATH/U_PIPE_MEM_WB/clk_IBUF_BUFG
    SLICE_X40Y30         FDCE                                         r  U_RV32I_SYSTEM/U_RV32I_CPU/U_DATAPATH/U_PIPE_MEM_WB/o_rd_reg[2]/C
  -------------------------------------------------------------------    -------------------
    SLICE_X40Y30         FDCE (Prop_fdce_C_Q)         0.456     5.531 r  U_RV32I_SYSTEM/U_RV32I_CPU/U_DATAPATH/U_PIPE_MEM_WB/o_rd_reg[2]/Q
                         net (fo=36, routed)          0.892     6.424    U_RV32I_SYSTEM/U_RV32I_CPU/U_DATAPATH/U_PIPE_ID_EX/o_rs2_data[31]_i_2_0[0]
    SLICE_X41Y28         LUT6 (Prop_lut6_I4_O)        0.124     6.548 r  U_RV32I_SYSTEM/U_RV32I_CPU/U_DATAPATH/U_PIPE_ID_EX/o_rs2_data[31]_i_4/O
                         net (fo=1, routed)           0.665     7.213    U_RV32I_SYSTEM/U_RV32I_CPU/U_DATAPATH/U_PIPE_ID_EX/o_rs2_data[31]_i_4_n_0
    SLICE_X41Y28         LUT6 (Prop_lut6_I0_O)        0.124     7.337 r  U_RV32I_SYSTEM/U_RV32I_CPU/U_DATAPATH/U_PIPE_ID_EX/o_rs2_data[31]_i_2/O
                         net (fo=34, routed)          1.157     8.495    U_RV32I_SYSTEM/U_RV32I_CPU/U_DATAPATH/U_PIPE_ID_EX/o_rs2_reg[4]_0[0]
    SLICE_X37Y33         LUT5 (Prop_lut5_I0_O)        0.124     8.619 r  U_RV32I_SYSTEM/U_RV32I_CPU/U_DATAPATH/U_PIPE_ID_EX/o_rs2_data[27]_i_1__0/O
                         net (fo=3, routed)           0.431     9.050    U_RV32I_SYSTEM/U_RV32I_CPU/U_DATAPATH/U_PIPE_ID_EX/o_rs2_data_reg[31]_0[22]
    SLICE_X37Y33         LUT3 (Prop_lut3_I1_O)        0.124     9.174 r  U_RV32I_SYSTEM/U_RV32I_CPU/U_DATAPATH/U_PIPE_ID_EX/alu_result0_carry__5_i_9/O
                         net (fo=8, routed)           0.839    10.013    U_RV32I_SYSTEM/U_RV32I_CPU/U_DATAPATH/U_PIPE_EX_MEM/alu_src2[27]
    SLICE_X38Y33         LUT4 (Prop_lut4_I1_O)        0.124    10.137 r  U_RV32I_SYSTEM/U_RV32I_CPU/U_DATAPATH/U_PIPE_EX_MEM/is_less_signed_carry__2_i_7/O
                         net (fo=1, routed)           0.000    10.137    U_RV32I_SYSTEM/U_RV32I_CPU/U_DATAPATH/U_EX_STAGE/U_ALU/en_inferred_i_9_0[1]
    SLICE_X38Y33         CARRY4 (Prop_carry4_S[1]_CO[3])
                                                      0.533    10.670 r  U_RV32I_SYSTEM/U_RV32I_CPU/U_DATAPATH/U_EX_STAGE/U_ALU/is_less_signed_carry__2/CO[3]
                         net (fo=2, routed)           0.918    11.588    U_RV32I_SYSTEM/U_RV32I_CPU/U_DATAPATH/U_PIPE_ID_EX/CO[0]
    SLICE_X36Y33         LUT6 (Prop_lut6_I0_O)        0.124    11.712 f  U_RV32I_SYSTEM/U_RV32I_CPU/U_DATAPATH/U_PIPE_ID_EX/en_inferred_i_9/O
                         net (fo=1, routed)           0.279    11.991    U_RV32I_SYSTEM/U_RV32I_CPU/U_DATAPATH/U_PIPE_ID_EX/U_EX_STAGE/btaken
    SLICE_X36Y33         LUT4 (Prop_lut4_I0_O)        0.124    12.115 f  U_RV32I_SYSTEM/U_RV32I_CPU/U_DATAPATH/U_PIPE_ID_EX/en_inferred_i_4/O
                         net (fo=5, routed)           0.181    12.296    U_RV32I_SYSTEM/U_RV32I_CPU/U_DATAPATH/U_PIPE_ID_EX/ex_take_branch
    SLICE_X36Y33         LUT3 (Prop_lut3_I1_O)        0.124    12.420 r  U_RV32I_SYSTEM/U_RV32I_CPU/U_DATAPATH/U_PIPE_ID_EX/o_instr[31]_i_3/O
                         net (fo=33, routed)          0.483    12.903    U_RV32I_SYSTEM/U_RV32I_CPU/U_DATAPATH/U_PIPE_ID_EX/o_instr[31]_i_3_0
    SLICE_X36Y33         LUT3 (Prop_lut3_I0_O)        0.124    13.027 f  U_RV32I_SYSTEM/U_RV32I_CPU/U_DATAPATH/U_PIPE_ID_EX/o_alu_src_i_3/O
                         net (fo=25, routed)          0.514    13.540    U_RV32I_SYSTEM/U_RV32I_CPU/U_DATAPATH/U_PIPE_IF_ID/flush_id_ex
    SLICE_X38Y35         LUT6 (Prop_lut6_I5_O)        0.124    13.664 r  U_RV32I_SYSTEM/U_RV32I_CPU/U_DATAPATH/U_PIPE_IF_ID/o_alu_src_i_2/O
                         net (fo=1, routed)           0.669    14.334    U_RV32I_SYSTEM/U_RV32I_CPU/U_DATAPATH/U_PIPE_ID_EX/o_alu_src_reg_0
    SLICE_X40Y32         FDCE                                         r  U_RV32I_SYSTEM/U_RV32I_CPU/U_DATAPATH/U_PIPE_ID_EX/o_alu_src_reg/D
  -------------------------------------------------------------------    -------------------

                         (clock sys_clk_pin rise edge)
                                                     10.000    10.000 r  <hidden>
    W5                                                0.000    10.000 r  clk
                         net (fo=0)                   0.000    10.000    clk
    W5                   IBUF (Prop_ibuf_I_O)         1.388    11.388 r  clk_IBUF_inst/O
                         net (fo=1, routed)           1.862    13.250    clk_IBUF
    BUFGCTRL_X0Y0        BUFG (Prop_bufg_I_O)         0.091    13.341 r  clk_IBUF_BUFG_inst/O
                         net (fo=2502, routed)        1.439    14.780    U_RV32I_SYSTEM/U_RV32I_CPU/U_DATAPATH/U_PIPE_ID_EX/clk_IBUF_BUFG
    SLICE_X40Y32         FDCE                                         r  U_RV32I_SYSTEM/U_RV32I_CPU/U_DATAPATH/U_PIPE_ID_EX/o_alu_src_reg/C
                         clock pessimism              0.274    15.054    <hidden>
                         clock uncertainty           -0.035    15.019    <hidden>
    SLICE_X40Y32         FDCE (Setup_fdce_C_D)       -0.062    14.957    U_RV32I_SYSTEM/U_RV32I_CPU/U_DATAPATH/U_PIPE_ID_EX/o_alu_src_reg
  -------------------------------------------------------------------
                         required time                         14.957    <hidden>
                         arrival time                         -14.334    <hidden>
  -------------------------------------------------------------------
                         slack                                  0.623    <hidden>

Slack (MET) :             0.652ns  (required time - arrival time)
  Source:                 U_RV32I_SYSTEM/U_RV32I_CPU/U_DATAPATH/U_PIPE_MEM_WB/o_rd_reg[2]/C
                            (rising edge-triggered cell FDCE clocked by sys_clk_pin  {rise@0.000ns fall@5.000ns period=10.000ns})
  Destination:            U_RV32I_SYSTEM/U_RV32I_CPU/U_DATAPATH/U_PIPE_ID_EX/o_alu_control_reg[3]/CE
                            (rising edge-triggered cell FDCE clocked by sys_clk_pin  {rise@0.000ns fall@5.000ns period=10.000ns})
  Path Group:             sys_clk_pin
  Path Type:              Setup (Max at Slow Process Corner)
  Requirement:            10.000ns  (sys_clk_pin rise@10.000ns - sys_clk_pin rise@0.000ns)
  Data Path Delay:        9.123ns  (logic 2.229ns (24.432%)  route 6.894ns (75.568%))
  Logic Levels:           11  (CARRY4=1 LUT2=1 LUT3=3 LUT4=2 LUT5=1 LUT6=3)
  Clock Path Skew:        -0.020ns (DCD - SCD + CPR)
    Destination Clock Delay (DCD):    4.781ns = ( 14.781 - 10.000 ) 
    Source Clock Delay      (SCD):    5.075ns
    Clock Pessimism Removal (CPR):    0.274ns
  Clock Uncertainty:      0.035ns  ((TSJ^2 + TIJ^2)^1/2 + DJ) / 2 + PE
    Total System Jitter     (TSJ):    0.071ns
    Total Input Jitter      (TIJ):    0.000ns
    Discrete Jitter          (DJ):    0.000ns
    Phase Error              (PE):    0.000ns

    Location             Delay type                Incr(ns)  Path(ns)    Netlist Resource(s)
  -------------------------------------------------------------------    -------------------
                         (clock sys_clk_pin rise edge)
                                                      0.000     0.000 r  <hidden>
    W5                                                0.000     0.000 r  clk
                         net (fo=0)                   0.000     0.000    clk
    W5                   IBUF (Prop_ibuf_I_O)         1.458     1.458 r  clk_IBUF_inst/O
                         net (fo=1, routed)           1.967     3.425    clk_IBUF
    BUFGCTRL_X0Y0        BUFG (Prop_bufg_I_O)         0.096     3.521 r  clk_IBUF_BUFG_inst/O
                         net (fo=2502, routed)        1.554     5.075    U_RV32I_SYSTEM/U_RV32I_CPU/U_DATAPATH/U_PIPE_MEM_WB/clk_IBUF_BUFG
    SLICE_X40Y30         FDCE                                         r  U_RV32I_SYSTEM/U_RV32I_CPU/U_DATAPATH/U_PIPE_MEM_WB/o_rd_reg[2]/C
  -------------------------------------------------------------------    -------------------
    SLICE_X40Y30         FDCE (Prop_fdce_C_Q)         0.456     5.531 r  U_RV32I_SYSTEM/U_RV32I_CPU/U_DATAPATH/U_PIPE_MEM_WB/o_rd_reg[2]/Q
                         net (fo=36, routed)          0.892     6.424    U_RV32I_SYSTEM/U_RV32I_CPU/U_DATAPATH/U_PIPE_ID_EX/o_rs2_data[31]_i_2_0[0]
    SLICE_X41Y28         LUT6 (Prop_lut6_I4_O)        0.124     6.548 r  U_RV32I_SYSTEM/U_RV32I_CPU/U_DATAPATH/U_PIPE_ID_EX/o_rs2_data[31]_i_4/O
                         net (fo=1, routed)           0.665     7.213    U_RV32I_SYSTEM/U_RV32I_CPU/U_DATAPATH/U_PIPE_ID_EX/o_rs2_data[31]_i_4_n_0
    SLICE_X41Y28         LUT6 (Prop_lut6_I0_O)        0.124     7.337 r  U_RV32I_SYSTEM/U_RV32I_CPU/U_DATAPATH/U_PIPE_ID_EX/o_rs2_data[31]_i_2/O
                         net (fo=34, routed)          1.157     8.495    U_RV32I_SYSTEM/U_RV32I_CPU/U_DATAPATH/U_PIPE_ID_EX/o_rs2_reg[4]_0[0]
    SLICE_X37Y33         LUT5 (Prop_lut5_I0_O)        0.124     8.619 r  U_RV32I_SYSTEM/U_RV32I_CPU/U_DATAPATH/U_PIPE_ID_EX/o_rs2_data[27]_i_1__0/O
                         net (fo=3, routed)           0.431     9.050    U_RV32I_SYSTEM/U_RV32I_CPU/U_DATAPATH/U_PIPE_ID_EX/o_rs2_data_reg[31]_0[22]
    SLICE_X37Y33         LUT3 (Prop_lut3_I1_O)        0.124     9.174 r  U_RV32I_SYSTEM/U_RV32I_CPU/U_DATAPATH/U_PIPE_ID_EX/alu_result0_carry__5_i_9/O
                         net (fo=8, routed)           0.839    10.013    U_RV32I_SYSTEM/U_RV32I_CPU/U_DATAPATH/U_PIPE_EX_MEM/alu_src2[27]
    SLICE_X38Y33         LUT4 (Prop_lut4_I1_O)        0.124    10.137 r  U_RV32I_SYSTEM/U_RV32I_CPU/U_DATAPATH/U_PIPE_EX_MEM/is_less_signed_carry__2_i_7/O
                         net (fo=1, routed)           0.000    10.137    U_RV32I_SYSTEM/U_RV32I_CPU/U_DATAPATH/U_EX_STAGE/U_ALU/en_inferred_i_9_0[1]
    SLICE_X38Y33         CARRY4 (Prop_carry4_S[1]_CO[3])
                                                      0.533    10.670 r  U_RV32I_SYSTEM/U_RV32I_CPU/U_DATAPATH/U_EX_STAGE/U_ALU/is_less_signed_carry__2/CO[3]
                         net (fo=2, routed)           0.918    11.588    U_RV32I_SYSTEM/U_RV32I_CPU/U_DATAPATH/U_PIPE_ID_EX/CO[0]
    SLICE_X36Y33         LUT6 (Prop_lut6_I0_O)        0.124    11.712 r  U_RV32I_SYSTEM/U_RV32I_CPU/U_DATAPATH/U_PIPE_ID_EX/en_inferred_i_9/O
                         net (fo=1, routed)           0.279    11.991    U_RV32I_SYSTEM/U_RV32I_CPU/U_DATAPATH/U_PIPE_ID_EX/U_EX_STAGE/btaken
    SLICE_X36Y33         LUT4 (Prop_lut4_I0_O)        0.124    12.115 r  U_RV32I_SYSTEM/U_RV32I_CPU/U_DATAPATH/U_PIPE_ID_EX/en_inferred_i_4/O
                         net (fo=5, routed)           0.181    12.296    U_RV32I_SYSTEM/U_RV32I_CPU/U_DATAPATH/U_PIPE_ID_EX/ex_take_branch
    SLICE_X36Y33         LUT3 (Prop_lut3_I1_O)        0.124    12.420 f  U_RV32I_SYSTEM/U_RV32I_CPU/U_DATAPATH/U_PIPE_ID_EX/o_instr[31]_i_3/O
                         net (fo=33, routed)          0.483    12.903    U_RV32I_SYSTEM/U_RV32I_CPU/U_DATAPATH/U_PIPE_ID_EX/o_instr[31]_i_3_0
    SLICE_X36Y33         LUT3 (Prop_lut3_I0_O)        0.124    13.027 r  U_RV32I_SYSTEM/U_RV32I_CPU/U_DATAPATH/U_PIPE_ID_EX/o_alu_src_i_3/O
                         net (fo=25, routed)          0.481    13.508    U_RV32I_SYSTEM/U_RV32I_CPU/U_DATAPATH/U_PIPE_ID_EX/flush_id_ex
    SLICE_X41Y33         LUT2 (Prop_lut2_I0_O)        0.124    13.632 r  U_RV32I_SYSTEM/U_RV32I_CPU/U_DATAPATH/U_PIPE_ID_EX/o_alu_src_i_1/O
                         net (fo=24, routed)          0.567    14.199    U_RV32I_SYSTEM/U_RV32I_CPU/U_DATAPATH/U_PIPE_ID_EX/o_alu_src_i_1_n_0
    SLICE_X42Y33         FDCE                                         r  U_RV32I_SYSTEM/U_RV32I_CPU/U_DATAPATH/U_PIPE_ID_EX/o_alu_control_reg[3]/CE
  -------------------------------------------------------------------    -------------------

                         (clock sys_clk_pin rise edge)
                                                     10.000    10.000 r  <hidden>
    W5                                                0.000    10.000 r  clk
                         net (fo=0)                   0.000    10.000    clk
    W5                   IBUF (Prop_ibuf_I_O)         1.388    11.388 r  clk_IBUF_inst/O
                         net (fo=1, routed)           1.862    13.250    clk_IBUF
    BUFGCTRL_X0Y0        BUFG (Prop_bufg_I_O)         0.091    13.341 r  clk_IBUF_BUFG_inst/O
                         net (fo=2502, routed)        1.440    14.781    U_RV32I_SYSTEM/U_RV32I_CPU/U_DATAPATH/U_PIPE_ID_EX/clk_IBUF_BUFG
    SLICE_X42Y33         FDCE                                         r  U_RV32I_SYSTEM/U_RV32I_CPU/U_DATAPATH/U_PIPE_ID_EX/o_alu_control_reg[3]/C
                         clock pessimism              0.274    15.055    <hidden>
                         clock uncertainty           -0.035    15.020    <hidden>
    SLICE_X42Y33         FDCE (Setup_fdce_C_CE)      -0.169    14.851    U_RV32I_SYSTEM/U_RV32I_CPU/U_DATAPATH/U_PIPE_ID_EX/o_alu_control_reg[3]
  -------------------------------------------------------------------
                         required time                         14.851    <hidden>
                         arrival time                         -14.199    <hidden>
  -------------------------------------------------------------------
                         slack                                  0.652    <hidden>

Slack (MET) :             0.652ns  (required time - arrival time)
  Source:                 U_RV32I_SYSTEM/U_RV32I_CPU/U_DATAPATH/U_PIPE_MEM_WB/o_rd_reg[2]/C
                            (rising edge-triggered cell FDCE clocked by sys_clk_pin  {rise@0.000ns fall@5.000ns period=10.000ns})
  Destination:            U_RV32I_SYSTEM/U_RV32I_CPU/U_DATAPATH/U_PIPE_ID_EX/o_csr_op_reg[0]/CE
                            (rising edge-triggered cell FDCE clocked by sys_clk_pin  {rise@0.000ns fall@5.000ns period=10.000ns})
  Path Group:             sys_clk_pin
  Path Type:              Setup (Max at Slow Process Corner)
  Requirement:            10.000ns  (sys_clk_pin rise@10.000ns - sys_clk_pin rise@0.000ns)
  Data Path Delay:        9.123ns  (logic 2.229ns (24.432%)  route 6.894ns (75.568%))
  Logic Levels:           11  (CARRY4=1 LUT2=1 LUT3=3 LUT4=2 LUT5=1 LUT6=3)
  Clock Path Skew:        -0.020ns (DCD - SCD + CPR)
    Destination Clock Delay (DCD):    4.781ns = ( 14.781 - 10.000 ) 
    Source Clock Delay      (SCD):    5.075ns
    Clock Pessimism Removal (CPR):    0.274ns
  Clock Uncertainty:      0.035ns  ((TSJ^2 + TIJ^2)^1/2 + DJ) / 2 + PE
    Total System Jitter     (TSJ):    0.071ns
    Total Input Jitter      (TIJ):    0.000ns
    Discrete Jitter          (DJ):    0.000ns
    Phase Error              (PE):    0.000ns

    Location             Delay type                Incr(ns)  Path(ns)    Netlist Resource(s)
  -------------------------------------------------------------------    -------------------
                         (clock sys_clk_pin rise edge)
                                                      0.000     0.000 r  <hidden>
    W5                                                0.000     0.000 r  clk
                         net (fo=0)                   0.000     0.000    clk
    W5                   IBUF (Prop_ibuf_I_O)         1.458     1.458 r  clk_IBUF_inst/O
                         net (fo=1, routed)           1.967     3.425    clk_IBUF
    BUFGCTRL_X0Y0        BUFG (Prop_bufg_I_O)         0.096     3.521 r  clk_IBUF_BUFG_inst/O
                         net (fo=2502, routed)        1.554     5.075    U_RV32I_SYSTEM/U_RV32I_CPU/U_DATAPATH/U_PIPE_MEM_WB/clk_IBUF_BUFG
    SLICE_X40Y30         FDCE                                         r  U_RV32I_SYSTEM/U_RV32I_CPU/U_DATAPATH/U_PIPE_MEM_WB/o_rd_reg[2]/C
  -------------------------------------------------------------------    -------------------
    SLICE_X40Y30         FDCE (Prop_fdce_C_Q)         0.456     5.531 r  U_RV32I_SYSTEM/U_RV32I_CPU/U_DATAPATH/U_PIPE_MEM_WB/o_rd_reg[2]/Q
                         net (fo=36, routed)          0.892     6.424    U_RV32I_SYSTEM/U_RV32I_CPU/U_DATAPATH/U_PIPE_ID_EX/o_rs2_data[31]_i_2_0[0]
    SLICE_X41Y28         LUT6 (Prop_lut6_I4_O)        0.124     6.548 r  U_RV32I_SYSTEM/U_RV32I_CPU/U_DATAPATH/U_PIPE_ID_EX/o_rs2_data[31]_i_4/O
                         net (fo=1, routed)           0.665     7.213    U_RV32I_SYSTEM/U_RV32I_CPU/U_DATAPATH/U_PIPE_ID_EX/o_rs2_data[31]_i_4_n_0
    SLICE_X41Y28         LUT6 (Prop_lut6_I0_O)        0.124     7.337 r  U_RV32I_SYSTEM/U_RV32I_CPU/U_DATAPATH/U_PIPE_ID_EX/o_rs2_data[31]_i_2/O
                         net (fo=34, routed)          1.157     8.495    U_RV32I_SYSTEM/U_RV32I_CPU/U_DATAPATH/U_PIPE_ID_EX/o_rs2_reg[4]_0[0]
    SLICE_X37Y33         LUT5 (Prop_lut5_I0_O)        0.124     8.619 r  U_RV32I_SYSTEM/U_RV32I_CPU/U_DATAPATH/U_PIPE_ID_EX/o_rs2_data[27]_i_1__0/O
                         net (fo=3, routed)           0.431     9.050    U_RV32I_SYSTEM/U_RV32I_CPU/U_DATAPATH/U_PIPE_ID_EX/o_rs2_data_reg[31]_0[22]
    SLICE_X37Y33         LUT3 (Prop_lut3_I1_O)        0.124     9.174 r  U_RV32I_SYSTEM/U_RV32I_CPU/U_DATAPATH/U_PIPE_ID_EX/alu_result0_carry__5_i_9/O
                         net (fo=8, routed)           0.839    10.013    U_RV32I_SYSTEM/U_RV32I_CPU/U_DATAPATH/U_PIPE_EX_MEM/alu_src2[27]
    SLICE_X38Y33         LUT4 (Prop_lut4_I1_O)        0.124    10.137 r  U_RV32I_SYSTEM/U_RV32I_CPU/U_DATAPATH/U_PIPE_EX_MEM/is_less_signed_carry__2_i_7/O
                         net (fo=1, routed)           0.000    10.137    U_RV32I_SYSTEM/U_RV32I_CPU/U_DATAPATH/U_EX_STAGE/U_ALU/en_inferred_i_9_0[1]
    SLICE_X38Y33         CARRY4 (Prop_carry4_S[1]_CO[3])
                                                      0.533    10.670 r  U_RV32I_SYSTEM/U_RV32I_CPU/U_DATAPATH/U_EX_STAGE/U_ALU/is_less_signed_carry__2/CO[3]
                         net (fo=2, routed)           0.918    11.588    U_RV32I_SYSTEM/U_RV32I_CPU/U_DATAPATH/U_PIPE_ID_EX/CO[0]
    SLICE_X36Y33         LUT6 (Prop_lut6_I0_O)        0.124    11.712 r  U_RV32I_SYSTEM/U_RV32I_CPU/U_DATAPATH/U_PIPE_ID_EX/en_inferred_i_9/O
                         net (fo=1, routed)           0.279    11.991    U_RV32I_SYSTEM/U_RV32I_CPU/U_DATAPATH/U_PIPE_ID_EX/U_EX_STAGE/btaken
    SLICE_X36Y33         LUT4 (Prop_lut4_I0_O)        0.124    12.115 r  U_RV32I_SYSTEM/U_RV32I_CPU/U_DATAPATH/U_PIPE_ID_EX/en_inferred_i_4/O
                         net (fo=5, routed)           0.181    12.296    U_RV32I_SYSTEM/U_RV32I_CPU/U_DATAPATH/U_PIPE_ID_EX/ex_take_branch
    SLICE_X36Y33         LUT3 (Prop_lut3_I1_O)        0.124    12.420 f  U_RV32I_SYSTEM/U_RV32I_CPU/U_DATAPATH/U_PIPE_ID_EX/o_instr[31]_i_3/O
                         net (fo=33, routed)          0.483    12.903    U_RV32I_SYSTEM/U_RV32I_CPU/U_DATAPATH/U_PIPE_ID_EX/o_instr[31]_i_3_0
    SLICE_X36Y33         LUT3 (Prop_lut3_I0_O)        0.124    13.027 r  U_RV32I_SYSTEM/U_RV32I_CPU/U_DATAPATH/U_PIPE_ID_EX/o_alu_src_i_3/O
                         net (fo=25, routed)          0.481    13.508    U_RV32I_SYSTEM/U_RV32I_CPU/U_DATAPATH/U_PIPE_ID_EX/flush_id_ex
    SLICE_X41Y33         LUT2 (Prop_lut2_I0_O)        0.124    13.632 r  U_RV32I_SYSTEM/U_RV32I_CPU/U_DATAPATH/U_PIPE_ID_EX/o_alu_src_i_1/O
                         net (fo=24, routed)          0.567    14.199    U_RV32I_SYSTEM/U_RV32I_CPU/U_DATAPATH/U_PIPE_ID_EX/o_alu_src_i_1_n_0
    SLICE_X42Y33         FDCE                                         r  U_RV32I_SYSTEM/U_RV32I_CPU/U_DATAPATH/U_PIPE_ID_EX/o_csr_op_reg[0]/CE
  -------------------------------------------------------------------    -------------------

                         (clock sys_clk_pin rise edge)
                                                     10.000    10.000 r  <hidden>
    W5                                                0.000    10.000 r  clk
                         net (fo=0)                   0.000    10.000    clk
    W5                   IBUF (Prop_ibuf_I_O)         1.388    11.388 r  clk_IBUF_inst/O
                         net (fo=1, routed)           1.862    13.250    clk_IBUF
    BUFGCTRL_X0Y0        BUFG (Prop_bufg_I_O)         0.091    13.341 r  clk_IBUF_BUFG_inst/O
                         net (fo=2502, routed)        1.440    14.781    U_RV32I_SYSTEM/U_RV32I_CPU/U_DATAPATH/U_PIPE_ID_EX/clk_IBUF_BUFG
    SLICE_X42Y33         FDCE                                         r  U_RV32I_SYSTEM/U_RV32I_CPU/U_DATAPATH/U_PIPE_ID_EX/o_csr_op_reg[0]/C
                         clock pessimism              0.274    15.055    <hidden>
                         clock uncertainty           -0.035    15.020    <hidden>
    SLICE_X42Y33         FDCE (Setup_fdce_C_CE)      -0.169    14.851    U_RV32I_SYSTEM/U_RV32I_CPU/U_DATAPATH/U_PIPE_ID_EX/o_csr_op_reg[0]
  -------------------------------------------------------------------
                         required time                         14.851    <hidden>
                         arrival time                         -14.199    <hidden>
  -------------------------------------------------------------------
                         slack                                  0.652    <hidden>

Slack (MET) :             0.652ns  (required time - arrival time)
  Source:                 U_RV32I_SYSTEM/U_RV32I_CPU/U_DATAPATH/U_PIPE_MEM_WB/o_rd_reg[2]/C
                            (rising edge-triggered cell FDCE clocked by sys_clk_pin  {rise@0.000ns fall@5.000ns period=10.000ns})
  Destination:            U_RV32I_SYSTEM/U_RV32I_CPU/U_DATAPATH/U_PIPE_ID_EX/o_csr_op_reg[1]/CE
                            (rising edge-triggered cell FDCE clocked by sys_clk_pin  {rise@0.000ns fall@5.000ns period=10.000ns})
  Path Group:             sys_clk_pin
  Path Type:              Setup (Max at Slow Process Corner)
  Requirement:            10.000ns  (sys_clk_pin rise@10.000ns - sys_clk_pin rise@0.000ns)
  Data Path Delay:        9.123ns  (logic 2.229ns (24.432%)  route 6.894ns (75.568%))
  Logic Levels:           11  (CARRY4=1 LUT2=1 LUT3=3 LUT4=2 LUT5=1 LUT6=3)
  Clock Path Skew:        -0.020ns (DCD - SCD + CPR)
    Destination Clock Delay (DCD):    4.781ns = ( 14.781 - 10.000 ) 
    Source Clock Delay      (SCD):    5.075ns
    Clock Pessimism Removal (CPR):    0.274ns
  Clock Uncertainty:      0.035ns  ((TSJ^2 + TIJ^2)^1/2 + DJ) / 2 + PE
    Total System Jitter     (TSJ):    0.071ns
    Total Input Jitter      (TIJ):    0.000ns
    Discrete Jitter          (DJ):    0.000ns
    Phase Error              (PE):    0.000ns

    Location             Delay type                Incr(ns)  Path(ns)    Netlist Resource(s)
  -------------------------------------------------------------------    -------------------
                         (clock sys_clk_pin rise edge)
                                                      0.000     0.000 r  <hidden>
    W5                                                0.000     0.000 r  clk
                         net (fo=0)                   0.000     0.000    clk
    W5                   IBUF (Prop_ibuf_I_O)         1.458     1.458 r  clk_IBUF_inst/O
                         net (fo=1, routed)           1.967     3.425    clk_IBUF
    BUFGCTRL_X0Y0        BUFG (Prop_bufg_I_O)         0.096     3.521 r  clk_IBUF_BUFG_inst/O
                         net (fo=2502, routed)        1.554     5.075    U_RV32I_SYSTEM/U_RV32I_CPU/U_DATAPATH/U_PIPE_MEM_WB/clk_IBUF_BUFG
    SLICE_X40Y30         FDCE                                         r  U_RV32I_SYSTEM/U_RV32I_CPU/U_DATAPATH/U_PIPE_MEM_WB/o_rd_reg[2]/C
  -------------------------------------------------------------------    -------------------
    SLICE_X40Y30         FDCE (Prop_fdce_C_Q)         0.456     5.531 r  U_RV32I_SYSTEM/U_RV32I_CPU/U_DATAPATH/U_PIPE_MEM_WB/o_rd_reg[2]/Q
                         net (fo=36, routed)          0.892     6.424    U_RV32I_SYSTEM/U_RV32I_CPU/U_DATAPATH/U_PIPE_ID_EX/o_rs2_data[31]_i_2_0[0]
    SLICE_X41Y28         LUT6 (Prop_lut6_I4_O)        0.124     6.548 r  U_RV32I_SYSTEM/U_RV32I_CPU/U_DATAPATH/U_PIPE_ID_EX/o_rs2_data[31]_i_4/O
                         net (fo=1, routed)           0.665     7.213    U_RV32I_SYSTEM/U_RV32I_CPU/U_DATAPATH/U_PIPE_ID_EX/o_rs2_data[31]_i_4_n_0
    SLICE_X41Y28         LUT6 (Prop_lut6_I0_O)        0.124     7.337 r  U_RV32I_SYSTEM/U_RV32I_CPU/U_DATAPATH/U_PIPE_ID_EX/o_rs2_data[31]_i_2/O
                         net (fo=34, routed)          1.157     8.495    U_RV32I_SYSTEM/U_RV32I_CPU/U_DATAPATH/U_PIPE_ID_EX/o_rs2_reg[4]_0[0]
    SLICE_X37Y33         LUT5 (Prop_lut5_I0_O)        0.124     8.619 r  U_RV32I_SYSTEM/U_RV32I_CPU/U_DATAPATH/U_PIPE_ID_EX/o_rs2_data[27]_i_1__0/O
                         net (fo=3, routed)           0.431     9.050    U_RV32I_SYSTEM/U_RV32I_CPU/U_DATAPATH/U_PIPE_ID_EX/o_rs2_data_reg[31]_0[22]
    SLICE_X37Y33         LUT3 (Prop_lut3_I1_O)        0.124     9.174 r  U_RV32I_SYSTEM/U_RV32I_CPU/U_DATAPATH/U_PIPE_ID_EX/alu_result0_carry__5_i_9/O
                         net (fo=8, routed)           0.839    10.013    U_RV32I_SYSTEM/U_RV32I_CPU/U_DATAPATH/U_PIPE_EX_MEM/alu_src2[27]
    SLICE_X38Y33         LUT4 (Prop_lut4_I1_O)        0.124    10.137 r  U_RV32I_SYSTEM/U_RV32I_CPU/U_DATAPATH/U_PIPE_EX_MEM/is_less_signed_carry__2_i_7/O
                         net (fo=1, routed)           0.000    10.137    U_RV32I_SYSTEM/U_RV32I_CPU/U_DATAPATH/U_EX_STAGE/U_ALU/en_inferred_i_9_0[1]
    SLICE_X38Y33         CARRY4 (Prop_carry4_S[1]_CO[3])
                                                      0.533    10.670 r  U_RV32I_SYSTEM/U_RV32I_CPU/U_DATAPATH/U_EX_STAGE/U_ALU/is_less_signed_carry__2/CO[3]
                         net (fo=2, routed)           0.918    11.588    U_RV32I_SYSTEM/U_RV32I_CPU/U_DATAPATH/U_PIPE_ID_EX/CO[0]
    SLICE_X36Y33         LUT6 (Prop_lut6_I0_O)        0.124    11.712 r  U_RV32I_SYSTEM/U_RV32I_CPU/U_DATAPATH/U_PIPE_ID_EX/en_inferred_i_9/O
                         net (fo=1, routed)           0.279    11.991    U_RV32I_SYSTEM/U_RV32I_CPU/U_DATAPATH/U_PIPE_ID_EX/U_EX_STAGE/btaken
    SLICE_X36Y33         LUT4 (Prop_lut4_I0_O)        0.124    12.115 r  U_RV32I_SYSTEM/U_RV32I_CPU/U_DATAPATH/U_PIPE_ID_EX/en_inferred_i_4/O
                         net (fo=5, routed)           0.181    12.296    U_RV32I_SYSTEM/U_RV32I_CPU/U_DATAPATH/U_PIPE_ID_EX/ex_take_branch
    SLICE_X36Y33         LUT3 (Prop_lut3_I1_O)        0.124    12.420 f  U_RV32I_SYSTEM/U_RV32I_CPU/U_DATAPATH/U_PIPE_ID_EX/o_instr[31]_i_3/O
                         net (fo=33, routed)          0.483    12.903    U_RV32I_SYSTEM/U_RV32I_CPU/U_DATAPATH/U_PIPE_ID_EX/o_instr[31]_i_3_0
    SLICE_X36Y33         LUT3 (Prop_lut3_I0_O)        0.124    13.027 r  U_RV32I_SYSTEM/U_RV32I_CPU/U_DATAPATH/U_PIPE_ID_EX/o_alu_src_i_3/O
                         net (fo=25, routed)          0.481    13.508    U_RV32I_SYSTEM/U_RV32I_CPU/U_DATAPATH/U_PIPE_ID_EX/flush_id_ex
    SLICE_X41Y33         LUT2 (Prop_lut2_I0_O)        0.124    13.632 r  U_RV32I_SYSTEM/U_RV32I_CPU/U_DATAPATH/U_PIPE_ID_EX/o_alu_src_i_1/O
                         net (fo=24, routed)          0.567    14.199    U_RV32I_SYSTEM/U_RV32I_CPU/U_DATAPATH/U_PIPE_ID_EX/o_alu_src_i_1_n_0
    SLICE_X42Y33         FDCE                                         r  U_RV32I_SYSTEM/U_RV32I_CPU/U_DATAPATH/U_PIPE_ID_EX/o_csr_op_reg[1]/CE
  -------------------------------------------------------------------    -------------------

                         (clock sys_clk_pin rise edge)
                                                     10.000    10.000 r  <hidden>
    W5                                                0.000    10.000 r  clk
                         net (fo=0)                   0.000    10.000    clk
    W5                   IBUF (Prop_ibuf_I_O)         1.388    11.388 r  clk_IBUF_inst/O
                         net (fo=1, routed)           1.862    13.250    clk_IBUF
    BUFGCTRL_X0Y0        BUFG (Prop_bufg_I_O)         0.091    13.341 r  clk_IBUF_BUFG_inst/O
                         net (fo=2502, routed)        1.440    14.781    U_RV32I_SYSTEM/U_RV32I_CPU/U_DATAPATH/U_PIPE_ID_EX/clk_IBUF_BUFG
    SLICE_X42Y33         FDCE                                         r  U_RV32I_SYSTEM/U_RV32I_CPU/U_DATAPATH/U_PIPE_ID_EX/o_csr_op_reg[1]/C
                         clock pessimism              0.274    15.055    <hidden>
                         clock uncertainty           -0.035    15.020    <hidden>
    SLICE_X42Y33         FDCE (Setup_fdce_C_CE)      -0.169    14.851    U_RV32I_SYSTEM/U_RV32I_CPU/U_DATAPATH/U_PIPE_ID_EX/o_csr_op_reg[1]
  -------------------------------------------------------------------
                         required time                         14.851    <hidden>
                         arrival time                         -14.199    <hidden>
  -------------------------------------------------------------------
                         slack                                  0.652    <hidden>

Slack (MET) :             0.652ns  (required time - arrival time)
  Source:                 U_RV32I_SYSTEM/U_RV32I_CPU/U_DATAPATH/U_PIPE_MEM_WB/o_rd_reg[2]/C
                            (rising edge-triggered cell FDCE clocked by sys_clk_pin  {rise@0.000ns fall@5.000ns period=10.000ns})
  Destination:            U_RV32I_SYSTEM/U_RV32I_CPU/U_DATAPATH/U_PIPE_ID_EX/o_csr_op_reg[2]/CE
                            (rising edge-triggered cell FDCE clocked by sys_clk_pin  {rise@0.000ns fall@5.000ns period=10.000ns})
  Path Group:             sys_clk_pin
  Path Type:              Setup (Max at Slow Process Corner)
  Requirement:            10.000ns  (sys_clk_pin rise@10.000ns - sys_clk_pin rise@0.000ns)
  Data Path Delay:        9.123ns  (logic 2.229ns (24.432%)  route 6.894ns (75.568%))
  Logic Levels:           11  (CARRY4=1 LUT2=1 LUT3=3 LUT4=2 LUT5=1 LUT6=3)
  Clock Path Skew:        -0.020ns (DCD - SCD + CPR)
    Destination Clock Delay (DCD):    4.781ns = ( 14.781 - 10.000 ) 
    Source Clock Delay      (SCD):    5.075ns
    Clock Pessimism Removal (CPR):    0.274ns
  Clock Uncertainty:      0.035ns  ((TSJ^2 + TIJ^2)^1/2 + DJ) / 2 + PE
    Total System Jitter     (TSJ):    0.071ns
    Total Input Jitter      (TIJ):    0.000ns
    Discrete Jitter          (DJ):    0.000ns
    Phase Error              (PE):    0.000ns

    Location             Delay type                Incr(ns)  Path(ns)    Netlist Resource(s)
  -------------------------------------------------------------------    -------------------
                         (clock sys_clk_pin rise edge)
                                                      0.000     0.000 r  <hidden>
    W5                                                0.000     0.000 r  clk
                         net (fo=0)                   0.000     0.000    clk
    W5                   IBUF (Prop_ibuf_I_O)         1.458     1.458 r  clk_IBUF_inst/O
                         net (fo=1, routed)           1.967     3.425    clk_IBUF
    BUFGCTRL_X0Y0        BUFG (Prop_bufg_I_O)         0.096     3.521 r  clk_IBUF_BUFG_inst/O
                         net (fo=2502, routed)        1.554     5.075    U_RV32I_SYSTEM/U_RV32I_CPU/U_DATAPATH/U_PIPE_MEM_WB/clk_IBUF_BUFG
    SLICE_X40Y30         FDCE                                         r  U_RV32I_SYSTEM/U_RV32I_CPU/U_DATAPATH/U_PIPE_MEM_WB/o_rd_reg[2]/C
  -------------------------------------------------------------------    -------------------
    SLICE_X40Y30         FDCE (Prop_fdce_C_Q)         0.456     5.531 r  U_RV32I_SYSTEM/U_RV32I_CPU/U_DATAPATH/U_PIPE_MEM_WB/o_rd_reg[2]/Q
                         net (fo=36, routed)          0.892     6.424    U_RV32I_SYSTEM/U_RV32I_CPU/U_DATAPATH/U_PIPE_ID_EX/o_rs2_data[31]_i_2_0[0]
    SLICE_X41Y28         LUT6 (Prop_lut6_I4_O)        0.124     6.548 r  U_RV32I_SYSTEM/U_RV32I_CPU/U_DATAPATH/U_PIPE_ID_EX/o_rs2_data[31]_i_4/O
                         net (fo=1, routed)           0.665     7.213    U_RV32I_SYSTEM/U_RV32I_CPU/U_DATAPATH/U_PIPE_ID_EX/o_rs2_data[31]_i_4_n_0
    SLICE_X41Y28         LUT6 (Prop_lut6_I0_O)        0.124     7.337 r  U_RV32I_SYSTEM/U_RV32I_CPU/U_DATAPATH/U_PIPE_ID_EX/o_rs2_data[31]_i_2/O
                         net (fo=34, routed)          1.157     8.495    U_RV32I_SYSTEM/U_RV32I_CPU/U_DATAPATH/U_PIPE_ID_EX/o_rs2_reg[4]_0[0]
    SLICE_X37Y33         LUT5 (Prop_lut5_I0_O)        0.124     8.619 r  U_RV32I_SYSTEM/U_RV32I_CPU/U_DATAPATH/U_PIPE_ID_EX/o_rs2_data[27]_i_1__0/O
                         net (fo=3, routed)           0.431     9.050    U_RV32I_SYSTEM/U_RV32I_CPU/U_DATAPATH/U_PIPE_ID_EX/o_rs2_data_reg[31]_0[22]
    SLICE_X37Y33         LUT3 (Prop_lut3_I1_O)        0.124     9.174 r  U_RV32I_SYSTEM/U_RV32I_CPU/U_DATAPATH/U_PIPE_ID_EX/alu_result0_carry__5_i_9/O
                         net (fo=8, routed)           0.839    10.013    U_RV32I_SYSTEM/U_RV32I_CPU/U_DATAPATH/U_PIPE_EX_MEM/alu_src2[27]
    SLICE_X38Y33         LUT4 (Prop_lut4_I1_O)        0.124    10.137 r  U_RV32I_SYSTEM/U_RV32I_CPU/U_DATAPATH/U_PIPE_EX_MEM/is_less_signed_carry__2_i_7/O
                         net (fo=1, routed)           0.000    10.137    U_RV32I_SYSTEM/U_RV32I_CPU/U_DATAPATH/U_EX_STAGE/U_ALU/en_inferred_i_9_0[1]
    SLICE_X38Y33         CARRY4 (Prop_carry4_S[1]_CO[3])
                                                      0.533    10.670 r  U_RV32I_SYSTEM/U_RV32I_CPU/U_DATAPATH/U_EX_STAGE/U_ALU/is_less_signed_carry__2/CO[3]
                         net (fo=2, routed)           0.918    11.588    U_RV32I_SYSTEM/U_RV32I_CPU/U_DATAPATH/U_PIPE_ID_EX/CO[0]
    SLICE_X36Y33         LUT6 (Prop_lut6_I0_O)        0.124    11.712 r  U_RV32I_SYSTEM/U_RV32I_CPU/U_DATAPATH/U_PIPE_ID_EX/en_inferred_i_9/O
                         net (fo=1, routed)           0.279    11.991    U_RV32I_SYSTEM/U_RV32I_CPU/U_DATAPATH/U_PIPE_ID_EX/U_EX_STAGE/btaken
    SLICE_X36Y33         LUT4 (Prop_lut4_I0_O)        0.124    12.115 r  U_RV32I_SYSTEM/U_RV32I_CPU/U_DATAPATH/U_PIPE_ID_EX/en_inferred_i_4/O
                         net (fo=5, routed)           0.181    12.296    U_RV32I_SYSTEM/U_RV32I_CPU/U_DATAPATH/U_PIPE_ID_EX/ex_take_branch
    SLICE_X36Y33         LUT3 (Prop_lut3_I1_O)        0.124    12.420 f  U_RV32I_SYSTEM/U_RV32I_CPU/U_DATAPATH/U_PIPE_ID_EX/o_instr[31]_i_3/O
                         net (fo=33, routed)          0.483    12.903    U_RV32I_SYSTEM/U_RV32I_CPU/U_DATAPATH/U_PIPE_ID_EX/o_instr[31]_i_3_0
    SLICE_X36Y33         LUT3 (Prop_lut3_I0_O)        0.124    13.027 r  U_RV32I_SYSTEM/U_RV32I_CPU/U_DATAPATH/U_PIPE_ID_EX/o_alu_src_i_3/O
                         net (fo=25, routed)          0.481    13.508    U_RV32I_SYSTEM/U_RV32I_CPU/U_DATAPATH/U_PIPE_ID_EX/flush_id_ex
    SLICE_X41Y33         LUT2 (Prop_lut2_I0_O)        0.124    13.632 r  U_RV32I_SYSTEM/U_RV32I_CPU/U_DATAPATH/U_PIPE_ID_EX/o_alu_src_i_1/O
                         net (fo=24, routed)          0.567    14.199    U_RV32I_SYSTEM/U_RV32I_CPU/U_DATAPATH/U_PIPE_ID_EX/o_alu_src_i_1_n_0
    SLICE_X42Y33         FDCE                                         r  U_RV32I_SYSTEM/U_RV32I_CPU/U_DATAPATH/U_PIPE_ID_EX/o_csr_op_reg[2]/CE
  -------------------------------------------------------------------    -------------------

                         (clock sys_clk_pin rise edge)
                                                     10.000    10.000 r  <hidden>
    W5                                                0.000    10.000 r  clk
                         net (fo=0)                   0.000    10.000    clk
    W5                   IBUF (Prop_ibuf_I_O)         1.388    11.388 r  clk_IBUF_inst/O
                         net (fo=1, routed)           1.862    13.250    clk_IBUF
    BUFGCTRL_X0Y0        BUFG (Prop_bufg_I_O)         0.091    13.341 r  clk_IBUF_BUFG_inst/O
                         net (fo=2502, routed)        1.440    14.781    U_RV32I_SYSTEM/U_RV32I_CPU/U_DATAPATH/U_PIPE_ID_EX/clk_IBUF_BUFG
    SLICE_X42Y33         FDCE                                         r  U_RV32I_SYSTEM/U_RV32I_CPU/U_DATAPATH/U_PIPE_ID_EX/o_csr_op_reg[2]/C
                         clock pessimism              0.274    15.055    <hidden>
                         clock uncertainty           -0.035    15.020    <hidden>
    SLICE_X42Y33         FDCE (Setup_fdce_C_CE)      -0.169    14.851    U_RV32I_SYSTEM/U_RV32I_CPU/U_DATAPATH/U_PIPE_ID_EX/o_csr_op_reg[2]
  -------------------------------------------------------------------
                         required time                         14.851    <hidden>
                         arrival time                         -14.199    <hidden>
  -------------------------------------------------------------------
                         slack                                  0.652    <hidden>

Slack (MET) :             0.652ns  (required time - arrival time)
  Source:                 U_RV32I_SYSTEM/U_RV32I_CPU/U_DATAPATH/U_PIPE_MEM_WB/o_rd_reg[2]/C
                            (rising edge-triggered cell FDCE clocked by sys_clk_pin  {rise@0.000ns fall@5.000ns period=10.000ns})
  Destination:            U_RV32I_SYSTEM/U_RV32I_CPU/U_DATAPATH/U_PIPE_ID_EX/o_jalr_reg/CE
                            (rising edge-triggered cell FDCE clocked by sys_clk_pin  {rise@0.000ns fall@5.000ns period=10.000ns})
  Path Group:             sys_clk_pin
  Path Type:              Setup (Max at Slow Process Corner)
  Requirement:            10.000ns  (sys_clk_pin rise@10.000ns - sys_clk_pin rise@0.000ns)
  Data Path Delay:        9.123ns  (logic 2.229ns (24.432%)  route 6.894ns (75.568%))
  Logic Levels:           11  (CARRY4=1 LUT2=1 LUT3=3 LUT4=2 LUT5=1 LUT6=3)
  Clock Path Skew:        -0.020ns (DCD - SCD + CPR)
    Destination Clock Delay (DCD):    4.781ns = ( 14.781 - 10.000 ) 
    Source Clock Delay      (SCD):    5.075ns
    Clock Pessimism Removal (CPR):    0.274ns
  Clock Uncertainty:      0.035ns  ((TSJ^2 + TIJ^2)^1/2 + DJ) / 2 + PE
    Total System Jitter     (TSJ):    0.071ns
    Total Input Jitter      (TIJ):    0.000ns
    Discrete Jitter          (DJ):    0.000ns
    Phase Error              (PE):    0.000ns

    Location             Delay type                Incr(ns)  Path(ns)    Netlist Resource(s)
  -------------------------------------------------------------------    -------------------
                         (clock sys_clk_pin rise edge)
                                                      0.000     0.000 r  <hidden>
    W5                                                0.000     0.000 r  clk
                         net (fo=0)                   0.000     0.000    clk
    W5                   IBUF (Prop_ibuf_I_O)         1.458     1.458 r  clk_IBUF_inst/O
                         net (fo=1, routed)           1.967     3.425    clk_IBUF
    BUFGCTRL_X0Y0        BUFG (Prop_bufg_I_O)         0.096     3.521 r  clk_IBUF_BUFG_inst/O
                         net (fo=2502, routed)        1.554     5.075    U_RV32I_SYSTEM/U_RV32I_CPU/U_DATAPATH/U_PIPE_MEM_WB/clk_IBUF_BUFG
    SLICE_X40Y30         FDCE                                         r  U_RV32I_SYSTEM/U_RV32I_CPU/U_DATAPATH/U_PIPE_MEM_WB/o_rd_reg[2]/C
  -------------------------------------------------------------------    -------------------
    SLICE_X40Y30         FDCE (Prop_fdce_C_Q)         0.456     5.531 r  U_RV32I_SYSTEM/U_RV32I_CPU/U_DATAPATH/U_PIPE_MEM_WB/o_rd_reg[2]/Q
                         net (fo=36, routed)          0.892     6.424    U_RV32I_SYSTEM/U_RV32I_CPU/U_DATAPATH/U_PIPE_ID_EX/o_rs2_data[31]_i_2_0[0]
    SLICE_X41Y28         LUT6 (Prop_lut6_I4_O)        0.124     6.548 r  U_RV32I_SYSTEM/U_RV32I_CPU/U_DATAPATH/U_PIPE_ID_EX/o_rs2_data[31]_i_4/O
                         net (fo=1, routed)           0.665     7.213    U_RV32I_SYSTEM/U_RV32I_CPU/U_DATAPATH/U_PIPE_ID_EX/o_rs2_data[31]_i_4_n_0
    SLICE_X41Y28         LUT6 (Prop_lut6_I0_O)        0.124     7.337 r  U_RV32I_SYSTEM/U_RV32I_CPU/U_DATAPATH/U_PIPE_ID_EX/o_rs2_data[31]_i_2/O
                         net (fo=34, routed)          1.157     8.495    U_RV32I_SYSTEM/U_RV32I_CPU/U_DATAPATH/U_PIPE_ID_EX/o_rs2_reg[4]_0[0]
    SLICE_X37Y33         LUT5 (Prop_lut5_I0_O)        0.124     8.619 r  U_RV32I_SYSTEM/U_RV32I_CPU/U_DATAPATH/U_PIPE_ID_EX/o_rs2_data[27]_i_1__0/O
                         net (fo=3, routed)           0.431     9.050    U_RV32I_SYSTEM/U_RV32I_CPU/U_DATAPATH/U_PIPE_ID_EX/o_rs2_data_reg[31]_0[22]
    SLICE_X37Y33         LUT3 (Prop_lut3_I1_O)        0.124     9.174 r  U_RV32I_SYSTEM/U_RV32I_CPU/U_DATAPATH/U_PIPE_ID_EX/alu_result0_carry__5_i_9/O
                         net (fo=8, routed)           0.839    10.013    U_RV32I_SYSTEM/U_RV32I_CPU/U_DATAPATH/U_PIPE_EX_MEM/alu_src2[27]
    SLICE_X38Y33         LUT4 (Prop_lut4_I1_O)        0.124    10.137 r  U_RV32I_SYSTEM/U_RV32I_CPU/U_DATAPATH/U_PIPE_EX_MEM/is_less_signed_carry__2_i_7/O
                         net (fo=1, routed)           0.000    10.137    U_RV32I_SYSTEM/U_RV32I_CPU/U_DATAPATH/U_EX_STAGE/U_ALU/en_inferred_i_9_0[1]
    SLICE_X38Y33         CARRY4 (Prop_carry4_S[1]_CO[3])
                                                      0.533    10.670 r  U_RV32I_SYSTEM/U_RV32I_CPU/U_DATAPATH/U_EX_STAGE/U_ALU/is_less_signed_carry__2/CO[3]
                         net (fo=2, routed)           0.918    11.588    U_RV32I_SYSTEM/U_RV32I_CPU/U_DATAPATH/U_PIPE_ID_EX/CO[0]
    SLICE_X36Y33         LUT6 (Prop_lut6_I0_O)        0.124    11.712 r  U_RV32I_SYSTEM/U_RV32I_CPU/U_DATAPATH/U_PIPE_ID_EX/en_inferred_i_9/O
                         net (fo=1, routed)           0.279    11.991    U_RV32I_SYSTEM/U_RV32I_CPU/U_DATAPATH/U_PIPE_ID_EX/U_EX_STAGE/btaken
    SLICE_X36Y33         LUT4 (Prop_lut4_I0_O)        0.124    12.115 r  U_RV32I_SYSTEM/U_RV32I_CPU/U_DATAPATH/U_PIPE_ID_EX/en_inferred_i_4/O
                         net (fo=5, routed)           0.181    12.296    U_RV32I_SYSTEM/U_RV32I_CPU/U_DATAPATH/U_PIPE_ID_EX/ex_take_branch
    SLICE_X36Y33         LUT3 (Prop_lut3_I1_O)        0.124    12.420 f  U_RV32I_SYSTEM/U_RV32I_CPU/U_DATAPATH/U_PIPE_ID_EX/o_instr[31]_i_3/O
                         net (fo=33, routed)          0.483    12.903    U_RV32I_SYSTEM/U_RV32I_CPU/U_DATAPATH/U_PIPE_ID_EX/o_instr[31]_i_3_0
    SLICE_X36Y33         LUT3 (Prop_lut3_I0_O)        0.124    13.027 r  U_RV32I_SYSTEM/U_RV32I_CPU/U_DATAPATH/U_PIPE_ID_EX/o_alu_src_i_3/O
                         net (fo=25, routed)          0.481    13.508    U_RV32I_SYSTEM/U_RV32I_CPU/U_DATAPATH/U_PIPE_ID_EX/flush_id_ex
    SLICE_X41Y33         LUT2 (Prop_lut2_I0_O)        0.124    13.632 r  U_RV32I_SYSTEM/U_RV32I_CPU/U_DATAPATH/U_PIPE_ID_EX/o_alu_src_i_1/O
                         net (fo=24, routed)          0.567    14.199    U_RV32I_SYSTEM/U_RV32I_CPU/U_DATAPATH/U_PIPE_ID_EX/o_alu_src_i_1_n_0
    SLICE_X42Y33         FDCE                                         r  U_RV32I_SYSTEM/U_RV32I_CPU/U_DATAPATH/U_PIPE_ID_EX/o_jalr_reg/CE
  -------------------------------------------------------------------    -------------------

                         (clock sys_clk_pin rise edge)
                                                     10.000    10.000 r  <hidden>
    W5                                                0.000    10.000 r  clk
                         net (fo=0)                   0.000    10.000    clk
    W5                   IBUF (Prop_ibuf_I_O)         1.388    11.388 r  clk_IBUF_inst/O
                         net (fo=1, routed)           1.862    13.250    clk_IBUF
    BUFGCTRL_X0Y0        BUFG (Prop_bufg_I_O)         0.091    13.341 r  clk_IBUF_BUFG_inst/O
                         net (fo=2502, routed)        1.440    14.781    U_RV32I_SYSTEM/U_RV32I_CPU/U_DATAPATH/U_PIPE_ID_EX/clk_IBUF_BUFG
    SLICE_X42Y33         FDCE                                         r  U_RV32I_SYSTEM/U_RV32I_CPU/U_DATAPATH/U_PIPE_ID_EX/o_jalr_reg/C
                         clock pessimism              0.274    15.055    <hidden>
                         clock uncertainty           -0.035    15.020    <hidden>
    SLICE_X42Y33         FDCE (Setup_fdce_C_CE)      -0.169    14.851    U_RV32I_SYSTEM/U_RV32I_CPU/U_DATAPATH/U_PIPE_ID_EX/o_jalr_reg
  -------------------------------------------------------------------
                         required time                         14.851    <hidden>
                         arrival time                         -14.199    <hidden>
  -------------------------------------------------------------------
                         slack                                  0.652    <hidden>

Slack (MET) :             0.652ns  (required time - arrival time)
  Source:                 U_RV32I_SYSTEM/U_RV32I_CPU/U_DATAPATH/U_PIPE_MEM_WB/o_rd_reg[2]/C
                            (rising edge-triggered cell FDCE clocked by sys_clk_pin  {rise@0.000ns fall@5.000ns period=10.000ns})
  Destination:            U_RV32I_SYSTEM/U_RV32I_CPU/U_DATAPATH/U_PIPE_ID_EX/o_rd_reg[4]/CE
                            (rising edge-triggered cell FDCE clocked by sys_clk_pin  {rise@0.000ns fall@5.000ns period=10.000ns})
  Path Group:             sys_clk_pin
  Path Type:              Setup (Max at Slow Process Corner)
  Requirement:            10.000ns  (sys_clk_pin rise@10.000ns - sys_clk_pin rise@0.000ns)
  Data Path Delay:        9.123ns  (logic 2.229ns (24.432%)  route 6.894ns (75.568%))
  Logic Levels:           11  (CARRY4=1 LUT2=1 LUT3=3 LUT4=2 LUT5=1 LUT6=3)
  Clock Path Skew:        -0.020ns (DCD - SCD + CPR)
    Destination Clock Delay (DCD):    4.781ns = ( 14.781 - 10.000 ) 
    Source Clock Delay      (SCD):    5.075ns
    Clock Pessimism Removal (CPR):    0.274ns
  Clock Uncertainty:      0.035ns  ((TSJ^2 + TIJ^2)^1/2 + DJ) / 2 + PE
    Total System Jitter     (TSJ):    0.071ns
    Total Input Jitter      (TIJ):    0.000ns
    Discrete Jitter          (DJ):    0.000ns
    Phase Error              (PE):    0.000ns

    Location             Delay type                Incr(ns)  Path(ns)    Netlist Resource(s)
  -------------------------------------------------------------------    -------------------
                         (clock sys_clk_pin rise edge)
                                                      0.000     0.000 r  <hidden>
    W5                                                0.000     0.000 r  clk
                         net (fo=0)                   0.000     0.000    clk
    W5                   IBUF (Prop_ibuf_I_O)         1.458     1.458 r  clk_IBUF_inst/O
                         net (fo=1, routed)           1.967     3.425    clk_IBUF
    BUFGCTRL_X0Y0        BUFG (Prop_bufg_I_O)         0.096     3.521 r  clk_IBUF_BUFG_inst/O
                         net (fo=2502, routed)        1.554     5.075    U_RV32I_SYSTEM/U_RV32I_CPU/U_DATAPATH/U_PIPE_MEM_WB/clk_IBUF_BUFG
    SLICE_X40Y30         FDCE                                         r  U_RV32I_SYSTEM/U_RV32I_CPU/U_DATAPATH/U_PIPE_MEM_WB/o_rd_reg[2]/C
  -------------------------------------------------------------------    -------------------
    SLICE_X40Y30         FDCE (Prop_fdce_C_Q)         0.456     5.531 r  U_RV32I_SYSTEM/U_RV32I_CPU/U_DATAPATH/U_PIPE_MEM_WB/o_rd_reg[2]/Q
                         net (fo=36, routed)          0.892     6.424    U_RV32I_SYSTEM/U_RV32I_CPU/U_DATAPATH/U_PIPE_ID_EX/o_rs2_data[31]_i_2_0[0]
    SLICE_X41Y28         LUT6 (Prop_lut6_I4_O)        0.124     6.548 r  U_RV32I_SYSTEM/U_RV32I_CPU/U_DATAPATH/U_PIPE_ID_EX/o_rs2_data[31]_i_4/O
                         net (fo=1, routed)           0.665     7.213    U_RV32I_SYSTEM/U_RV32I_CPU/U_DATAPATH/U_PIPE_ID_EX/o_rs2_data[31]_i_4_n_0
    SLICE_X41Y28         LUT6 (Prop_lut6_I0_O)        0.124     7.337 r  U_RV32I_SYSTEM/U_RV32I_CPU/U_DATAPATH/U_PIPE_ID_EX/o_rs2_data[31]_i_2/O
                         net (fo=34, routed)          1.157     8.495    U_RV32I_SYSTEM/U_RV32I_CPU/U_DATAPATH/U_PIPE_ID_EX/o_rs2_reg[4]_0[0]
    SLICE_X37Y33         LUT5 (Prop_lut5_I0_O)        0.124     8.619 r  U_RV32I_SYSTEM/U_RV32I_CPU/U_DATAPATH/U_PIPE_ID_EX/o_rs2_data[27]_i_1__0/O
                         net (fo=3, routed)           0.431     9.050    U_RV32I_SYSTEM/U_RV32I_CPU/U_DATAPATH/U_PIPE_ID_EX/o_rs2_data_reg[31]_0[22]
    SLICE_X37Y33         LUT3 (Prop_lut3_I1_O)        0.124     9.174 r  U_RV32I_SYSTEM/U_RV32I_CPU/U_DATAPATH/U_PIPE_ID_EX/alu_result0_carry__5_i_9/O
                         net (fo=8, routed)           0.839    10.013    U_RV32I_SYSTEM/U_RV32I_CPU/U_DATAPATH/U_PIPE_EX_MEM/alu_src2[27]
    SLICE_X38Y33         LUT4 (Prop_lut4_I1_O)        0.124    10.137 r  U_RV32I_SYSTEM/U_RV32I_CPU/U_DATAPATH/U_PIPE_EX_MEM/is_less_signed_carry__2_i_7/O
                         net (fo=1, routed)           0.000    10.137    U_RV32I_SYSTEM/U_RV32I_CPU/U_DATAPATH/U_EX_STAGE/U_ALU/en_inferred_i_9_0[1]
    SLICE_X38Y33         CARRY4 (Prop_carry4_S[1]_CO[3])
                                                      0.533    10.670 r  U_RV32I_SYSTEM/U_RV32I_CPU/U_DATAPATH/U_EX_STAGE/U_ALU/is_less_signed_carry__2/CO[3]
                         net (fo=2, routed)           0.918    11.588    U_RV32I_SYSTEM/U_RV32I_CPU/U_DATAPATH/U_PIPE_ID_EX/CO[0]
    SLICE_X36Y33         LUT6 (Prop_lut6_I0_O)        0.124    11.712 r  U_RV32I_SYSTEM/U_RV32I_CPU/U_DATAPATH/U_PIPE_ID_EX/en_inferred_i_9/O
                         net (fo=1, routed)           0.279    11.991    U_RV32I_SYSTEM/U_RV32I_CPU/U_DATAPATH/U_PIPE_ID_EX/U_EX_STAGE/btaken
    SLICE_X36Y33         LUT4 (Prop_lut4_I0_O)        0.124    12.115 r  U_RV32I_SYSTEM/U_RV32I_CPU/U_DATAPATH/U_PIPE_ID_EX/en_inferred_i_4/O
                         net (fo=5, routed)           0.181    12.296    U_RV32I_SYSTEM/U_RV32I_CPU/U_DATAPATH/U_PIPE_ID_EX/ex_take_branch
    SLICE_X36Y33         LUT3 (Prop_lut3_I1_O)        0.124    12.420 f  U_RV32I_SYSTEM/U_RV32I_CPU/U_DATAPATH/U_PIPE_ID_EX/o_instr[31]_i_3/O
                         net (fo=33, routed)          0.483    12.903    U_RV32I_SYSTEM/U_RV32I_CPU/U_DATAPATH/U_PIPE_ID_EX/o_instr[31]_i_3_0
    SLICE_X36Y33         LUT3 (Prop_lut3_I0_O)        0.124    13.027 r  U_RV32I_SYSTEM/U_RV32I_CPU/U_DATAPATH/U_PIPE_ID_EX/o_alu_src_i_3/O
                         net (fo=25, routed)          0.481    13.508    U_RV32I_SYSTEM/U_RV32I_CPU/U_DATAPATH/U_PIPE_ID_EX/flush_id_ex
    SLICE_X41Y33         LUT2 (Prop_lut2_I0_O)        0.124    13.632 r  U_RV32I_SYSTEM/U_RV32I_CPU/U_DATAPATH/U_PIPE_ID_EX/o_alu_src_i_1/O
                         net (fo=24, routed)          0.567    14.199    U_RV32I_SYSTEM/U_RV32I_CPU/U_DATAPATH/U_PIPE_ID_EX/o_alu_src_i_1_n_0
    SLICE_X42Y33         FDCE                                         r  U_RV32I_SYSTEM/U_RV32I_CPU/U_DATAPATH/U_PIPE_ID_EX/o_rd_reg[4]/CE
  -------------------------------------------------------------------    -------------------

                         (clock sys_clk_pin rise edge)
                                                     10.000    10.000 r  <hidden>
    W5                                                0.000    10.000 r  clk
                         net (fo=0)                   0.000    10.000    clk
    W5                   IBUF (Prop_ibuf_I_O)         1.388    11.388 r  clk_IBUF_inst/O
                         net (fo=1, routed)           1.862    13.250    clk_IBUF
    BUFGCTRL_X0Y0        BUFG (Prop_bufg_I_O)         0.091    13.341 r  clk_IBUF_BUFG_inst/O
                         net (fo=2502, routed)        1.440    14.781    U_RV32I_SYSTEM/U_RV32I_CPU/U_DATAPATH/U_PIPE_ID_EX/clk_IBUF_BUFG
    SLICE_X42Y33         FDCE                                         r  U_RV32I_SYSTEM/U_RV32I_CPU/U_DATAPATH/U_PIPE_ID_EX/o_rd_reg[4]/C
                         clock pessimism              0.274    15.055    <hidden>
                         clock uncertainty           -0.035    15.020    <hidden>
    SLICE_X42Y33         FDCE (Setup_fdce_C_CE)      -0.169    14.851    U_RV32I_SYSTEM/U_RV32I_CPU/U_DATAPATH/U_PIPE_ID_EX/o_rd_reg[4]
  -------------------------------------------------------------------
                         required time                         14.851    <hidden>
                         arrival time                         -14.199    <hidden>
  -------------------------------------------------------------------
                         slack                                  0.652    <hidden>

Slack (MET) :             0.664ns  (required time - arrival time)
  Source:                 U_RV32I_SYSTEM/U_RV32I_CPU/U_DATAPATH/U_PIPE_MEM_WB/o_rfwd_src_reg[1]/C
                            (rising edge-triggered cell FDCE clocked by sys_clk_pin  {rise@0.000ns fall@5.000ns period=10.000ns})
  Destination:            U_RV32I_SYSTEM/U_RV32I_CPU/U_DATAPATH/U_PIPE_EX_MEM/o_forward_val_reg[30]/D
                            (rising edge-triggered cell FDCE clocked by sys_clk_pin  {rise@0.000ns fall@5.000ns period=10.000ns})
  Path Group:             sys_clk_pin
  Path Type:              Setup (Max at Slow Process Corner)
  Requirement:            10.000ns  (sys_clk_pin rise@10.000ns - sys_clk_pin rise@0.000ns)
  Data Path Delay:        9.235ns  (logic 1.572ns (17.022%)  route 7.663ns (82.978%))
  Logic Levels:           9  (LUT5=5 LUT6=4)
  Clock Path Skew:        -0.096ns (DCD - SCD + CPR)
    Destination Clock Delay (DCD):    4.784ns = ( 14.784 - 10.000 ) 
    Source Clock Delay      (SCD):    5.068ns
    Clock Pessimism Removal (CPR):    0.188ns
  Clock Uncertainty:      0.035ns  ((TSJ^2 + TIJ^2)^1/2 + DJ) / 2 + PE
    Total System Jitter     (TSJ):    0.071ns
    Total Input Jitter      (TIJ):    0.000ns
    Discrete Jitter          (DJ):    0.000ns
    Phase Error              (PE):    0.000ns

    Location             Delay type                Incr(ns)  Path(ns)    Netlist Resource(s)
  -------------------------------------------------------------------    -------------------
                         (clock sys_clk_pin rise edge)
                                                      0.000     0.000 r  <hidden>
    W5                                                0.000     0.000 r  clk
                         net (fo=0)                   0.000     0.000    clk
    W5                   IBUF (Prop_ibuf_I_O)         1.458     1.458 r  clk_IBUF_inst/O
                         net (fo=1, routed)           1.967     3.425    clk_IBUF
    BUFGCTRL_X0Y0        BUFG (Prop_bufg_I_O)         0.096     3.521 r  clk_IBUF_BUFG_inst/O
                         net (fo=2502, routed)        1.547     5.068    U_RV32I_SYSTEM/U_RV32I_CPU/U_DATAPATH/U_PIPE_MEM_WB/clk_IBUF_BUFG
    SLICE_X35Y27         FDCE                                         r  U_RV32I_SYSTEM/U_RV32I_CPU/U_DATAPATH/U_PIPE_MEM_WB/o_rfwd_src_reg[1]/C
  -------------------------------------------------------------------    -------------------
    SLICE_X35Y27         FDCE (Prop_fdce_C_Q)         0.456     5.524 r  U_RV32I_SYSTEM/U_RV32I_CPU/U_DATAPATH/U_PIPE_MEM_WB/o_rfwd_src_reg[1]/Q
                         net (fo=64, routed)          1.133     6.657    U_RV32I_SYSTEM/U_RV32I_CPU/U_DATAPATH/U_WB_STAGE/o_rfwd_src[1]
    SLICE_X34Y31         LUT6 (Prop_lut6_I2_O)        0.124     6.781 r  U_RV32I_SYSTEM/U_RV32I_CPU/U_DATAPATH/U_WB_STAGE/rf[1][23]_i_2/O
                         net (fo=1, routed)           0.635     7.416    U_RV32I_SYSTEM/U_RV32I_CPU/U_DATAPATH/U_WB_STAGE/rf[1][23]_i_2_n_0
    SLICE_X35Y31         LUT6 (Prop_lut6_I0_O)        0.124     7.540 r  U_RV32I_SYSTEM/U_RV32I_CPU/U_DATAPATH/U_WB_STAGE/rf[1][23]_i_1/O
                         net (fo=35, routed)          0.926     8.467    U_RV32I_SYSTEM/U_RV32I_CPU/U_DATAPATH/U_PIPE_EX_MEM/wb_wdata[23]
    SLICE_X40Y34         LUT5 (Prop_lut5_I4_O)        0.124     8.591 r  U_RV32I_SYSTEM/U_RV32I_CPU/U_DATAPATH/U_PIPE_EX_MEM/alu_result0_carry__4_i_1/O
                         net (fo=22, routed)          1.181     9.772    U_RV32I_SYSTEM/U_RV32I_CPU/U_DATAPATH/U_PIPE_EX_MEM/ex_rs1_fwd_data_wire[23]
    SLICE_X51Y32         LUT5 (Prop_lut5_I4_O)        0.124     9.896 r  U_RV32I_SYSTEM/U_RV32I_CPU/U_DATAPATH/U_PIPE_EX_MEM/o_alu_result[31]_i_27/O
                         net (fo=3, routed)           1.020    10.915    U_RV32I_SYSTEM/U_RV32I_CPU/U_DATAPATH/U_PIPE_EX_MEM/o_alu_result[31]_i_27_n_0
    SLICE_X51Y37         LUT6 (Prop_lut6_I1_O)        0.124    11.039 r  U_RV32I_SYSTEM/U_RV32I_CPU/U_DATAPATH/U_PIPE_EX_MEM/o_alu_result[30]_i_11/O
                         net (fo=4, routed)           0.836    11.875    U_RV32I_SYSTEM/U_RV32I_CPU/U_DATAPATH/U_PIPE_EX_MEM/o_alu_result[30]_i_11_n_0
    SLICE_X51Y37         LUT6 (Prop_lut6_I0_O)        0.124    11.999 r  U_RV32I_SYSTEM/U_RV32I_CPU/U_DATAPATH/U_PIPE_EX_MEM/o_alu_result[30]_i_8/O
                         net (fo=1, routed)           0.698    12.697    U_RV32I_SYSTEM/U_RV32I_CPU/U_DATAPATH/U_PIPE_ID_EX/o_alu_result[31]_i_2_0[13]
    SLICE_X45Y40         LUT5 (Prop_lut5_I2_O)        0.124    12.821 r  U_RV32I_SYSTEM/U_RV32I_CPU/U_DATAPATH/U_PIPE_ID_EX/o_alu_result[30]_i_5/O
                         net (fo=1, routed)           0.638    13.460    U_RV32I_SYSTEM/U_RV32I_CPU/U_DATAPATH/U_PIPE_ID_EX/o_alu_result[30]_i_5_n_0
    SLICE_X42Y40         LUT5 (Prop_lut5_I4_O)        0.124    13.584 r  U_RV32I_SYSTEM/U_RV32I_CPU/U_DATAPATH/U_PIPE_ID_EX/o_alu_result[30]_i_2/O
                         net (fo=2, routed)           0.596    14.180    U_RV32I_SYSTEM/U_RV32I_CPU/U_DATAPATH/U_PIPE_ID_EX/U_EX_STAGE/alu_result[30]
    SLICE_X39Y40         LUT5 (Prop_lut5_I4_O)        0.124    14.304 r  U_RV32I_SYSTEM/U_RV32I_CPU/U_DATAPATH/U_PIPE_ID_EX/o_forward_val[30]_i_1/O
                         net (fo=1, routed)           0.000    14.304    U_RV32I_SYSTEM/U_RV32I_CPU/U_DATAPATH/U_PIPE_EX_MEM/o_forward_val_reg[31]_0[30]
    SLICE_X39Y40         FDCE                                         r  U_RV32I_SYSTEM/U_RV32I_CPU/U_DATAPATH/U_PIPE_EX_MEM/o_forward_val_reg[30]/D
  -------------------------------------------------------------------    -------------------

                         (clock sys_clk_pin rise edge)
                                                     10.000    10.000 r  <hidden>
    W5                                                0.000    10.000 r  clk
                         net (fo=0)                   0.000    10.000    clk
    W5                   IBUF (Prop_ibuf_I_O)         1.388    11.388 r  clk_IBUF_inst/O
                         net (fo=1, routed)           1.862    13.250    clk_IBUF
    BUFGCTRL_X0Y0        BUFG (Prop_bufg_I_O)         0.091    13.341 r  clk_IBUF_BUFG_inst/O
                         net (fo=2502, routed)        1.443    14.784    U_RV32I_SYSTEM/U_RV32I_CPU/U_DATAPATH/U_PIPE_EX_MEM/clk_IBUF_BUFG
    SLICE_X39Y40         FDCE                                         r  U_RV32I_SYSTEM/U_RV32I_CPU/U_DATAPATH/U_PIPE_EX_MEM/o_forward_val_reg[30]/C
                         clock pessimism              0.188    14.972    <hidden>
                         clock uncertainty           -0.035    14.937    <hidden>
    SLICE_X39Y40         FDCE (Setup_fdce_C_D)        0.031    14.968    U_RV32I_SYSTEM/U_RV32I_CPU/U_DATAPATH/U_PIPE_EX_MEM/o_forward_val_reg[30]
  -------------------------------------------------------------------
                         required time                         14.968    <hidden>
                         arrival time                         -14.304    <hidden>
  -------------------------------------------------------------------
                         slack                                  0.664    <hidden>

Slack (MET) :             0.717ns  (required time - arrival time)
  Source:                 U_RV32I_SYSTEM/U_RV32I_CPU/U_DATAPATH/U_PIPE_MEM_WB/o_rd_reg[2]/C
                            (rising edge-triggered cell FDCE clocked by sys_clk_pin  {rise@0.000ns fall@5.000ns period=10.000ns})
  Destination:            U_RV32I_SYSTEM/U_RV32I_CPU/U_DATAPATH/U_PIPE_IF_ID/o_instr_reg[15]/D
                            (rising edge-triggered cell FDCE clocked by sys_clk_pin  {rise@0.000ns fall@5.000ns period=10.000ns})
  Path Group:             sys_clk_pin
  Path Type:              Setup (Max at Slow Process Corner)
  Requirement:            10.000ns  (sys_clk_pin rise@10.000ns - sys_clk_pin rise@0.000ns)
  Data Path Delay:        8.921ns  (logic 2.131ns (23.888%)  route 6.790ns (76.112%))
  Logic Levels:           10  (CARRY4=1 LUT2=1 LUT3=2 LUT4=2 LUT5=1 LUT6=3)
  Clock Path Skew:        -0.110ns (DCD - SCD + CPR)
    Destination Clock Delay (DCD):    4.777ns = ( 14.777 - 10.000 ) 
    Source Clock Delay      (SCD):    5.075ns
    Clock Pessimism Removal (CPR):    0.188ns
  Clock Uncertainty:      0.035ns  ((TSJ^2 + TIJ^2)^1/2 + DJ) / 2 + PE
    Total System Jitter     (TSJ):    0.071ns
    Total Input Jitter      (TIJ):    0.000ns
    Discrete Jitter          (DJ):    0.000ns
    Phase Error              (PE):    0.000ns

    Location             Delay type                Incr(ns)  Path(ns)    Netlist Resource(s)
  -------------------------------------------------------------------    -------------------
                         (clock sys_clk_pin rise edge)
                                                      0.000     0.000 r  <hidden>
    W5                                                0.000     0.000 r  clk
                         net (fo=0)                   0.000     0.000    clk
    W5                   IBUF (Prop_ibuf_I_O)         1.458     1.458 r  clk_IBUF_inst/O
                         net (fo=1, routed)           1.967     3.425    clk_IBUF
    BUFGCTRL_X0Y0        BUFG (Prop_bufg_I_O)         0.096     3.521 r  clk_IBUF_BUFG_inst/O
                         net (fo=2502, routed)        1.554     5.075    U_RV32I_SYSTEM/U_RV32I_CPU/U_DATAPATH/U_PIPE_MEM_WB/clk_IBUF_BUFG
    SLICE_X40Y30         FDCE                                         r  U_RV32I_SYSTEM/U_RV32I_CPU/U_DATAPATH/U_PIPE_MEM_WB/o_rd_reg[2]/C
  -------------------------------------------------------------------    -------------------
    SLICE_X40Y30         FDCE (Prop_fdce_C_Q)         0.456     5.531 r  U_RV32I_SYSTEM/U_RV32I_CPU/U_DATAPATH/U_PIPE_MEM_WB/o_rd_reg[2]/Q
                         net (fo=36, routed)          0.892     6.424    U_RV32I_SYSTEM/U_RV32I_CPU/U_DATAPATH/U_PIPE_ID_EX/o_rs2_data[31]_i_2_0[0]
    SLICE_X41Y28         LUT6 (Prop_lut6_I4_O)        0.124     6.548 r  U_RV32I_SYSTEM/U_RV32I_CPU/U_DATAPATH/U_PIPE_ID_EX/o_rs2_data[31]_i_4/O
                         net (fo=1, routed)           0.665     7.213    U_RV32I_SYSTEM/U_RV32I_CPU/U_DATAPATH/U_PIPE_ID_EX/o_rs2_data[31]_i_4_n_0
    SLICE_X41Y28         LUT6 (Prop_lut6_I0_O)        0.124     7.337 r  U_RV32I_SYSTEM/U_RV32I_CPU/U_DATAPATH/U_PIPE_ID_EX/o_rs2_data[31]_i_2/O
                         net (fo=34, routed)          1.157     8.495    U_RV32I_SYSTEM/U_RV32I_CPU/U_DATAPATH/U_PIPE_ID_EX/o_rs2_reg[4]_0[0]
    SLICE_X37Y33         LUT5 (Prop_lut5_I0_O)        0.124     8.619 r  U_RV32I_SYSTEM/U_RV32I_CPU/U_DATAPATH/U_PIPE_ID_EX/o_rs2_data[27]_i_1__0/O
                         net (fo=3, routed)           0.431     9.050    U_RV32I_SYSTEM/U_RV32I_CPU/U_DATAPATH/U_PIPE_ID_EX/o_rs2_data_reg[31]_0[22]
    SLICE_X37Y33         LUT3 (Prop_lut3_I1_O)        0.124     9.174 r  U_RV32I_SYSTEM/U_RV32I_CPU/U_DATAPATH/U_PIPE_ID_EX/alu_result0_carry__5_i_9/O
                         net (fo=8, routed)           0.839    10.013    U_RV32I_SYSTEM/U_RV32I_CPU/U_DATAPATH/U_PIPE_EX_MEM/alu_src2[27]
    SLICE_X38Y33         LUT4 (Prop_lut4_I1_O)        0.124    10.137 r  U_RV32I_SYSTEM/U_RV32I_CPU/U_DATAPATH/U_PIPE_EX_MEM/is_less_signed_carry__2_i_7/O
                         net (fo=1, routed)           0.000    10.137    U_RV32I_SYSTEM/U_RV32I_CPU/U_DATAPATH/U_EX_STAGE/U_ALU/en_inferred_i_9_0[1]
    SLICE_X38Y33         CARRY4 (Prop_carry4_S[1]_CO[3])
                                                      0.533    10.670 r  U_RV32I_SYSTEM/U_RV32I_CPU/U_DATAPATH/U_EX_STAGE/U_ALU/is_less_signed_carry__2/CO[3]
                         net (fo=2, routed)           0.918    11.588    U_RV32I_SYSTEM/U_RV32I_CPU/U_DATAPATH/U_PIPE_ID_EX/CO[0]
    SLICE_X36Y33         LUT6 (Prop_lut6_I0_O)        0.124    11.712 f  U_RV32I_SYSTEM/U_RV32I_CPU/U_DATAPATH/U_PIPE_ID_EX/en_inferred_i_9/O
                         net (fo=1, routed)           0.279    11.991    U_RV32I_SYSTEM/U_RV32I_CPU/U_DATAPATH/U_PIPE_ID_EX/U_EX_STAGE/btaken
    SLICE_X36Y33         LUT4 (Prop_lut4_I0_O)        0.124    12.115 f  U_RV32I_SYSTEM/U_RV32I_CPU/U_DATAPATH/U_PIPE_ID_EX/en_inferred_i_4/O
                         net (fo=5, routed)           0.181    12.296    U_RV32I_SYSTEM/U_RV32I_CPU/U_DATAPATH/U_PIPE_ID_EX/ex_take_branch
    SLICE_X36Y33         LUT3 (Prop_lut3_I1_O)        0.124    12.420 r  U_RV32I_SYSTEM/U_RV32I_CPU/U_DATAPATH/U_PIPE_ID_EX/o_instr[31]_i_3/O
                         net (fo=33, routed)          0.810    13.230    U_RV32I_SYSTEM/U_RV32I_CPU/U_DATAPATH/U_IF_STAGE/U_PC_REG/flush_if_id
    SLICE_X34Y32         LUT2 (Prop_lut2_I1_O)        0.150    13.380 r  U_RV32I_SYSTEM/U_RV32I_CPU/U_DATAPATH/U_IF_STAGE/U_PC_REG/o_instr[15]_i_1/O
                         net (fo=1, routed)           0.615    13.996    U_RV32I_SYSTEM/U_RV32I_CPU/U_DATAPATH/U_PIPE_IF_ID/o_instr_reg[31]_0[13]
    SLICE_X34Y32         FDCE                                         r  U_RV32I_SYSTEM/U_RV32I_CPU/U_DATAPATH/U_PIPE_IF_ID/o_instr_reg[15]/D
  -------------------------------------------------------------------    -------------------

                         (clock sys_clk_pin rise edge)
                                                     10.000    10.000 r  <hidden>
    W5                                                0.000    10.000 r  clk
                         net (fo=0)                   0.000    10.000    clk
    W5                   IBUF (Prop_ibuf_I_O)         1.388    11.388 r  clk_IBUF_inst/O
                         net (fo=1, routed)           1.862    13.250    clk_IBUF
    BUFGCTRL_X0Y0        BUFG (Prop_bufg_I_O)         0.091    13.341 r  clk_IBUF_BUFG_inst/O
                         net (fo=2502, routed)        1.436    14.777    U_RV32I_SYSTEM/U_RV32I_CPU/U_DATAPATH/U_PIPE_IF_ID/clk_IBUF_BUFG
    SLICE_X34Y32         FDCE                                         r  U_RV32I_SYSTEM/U_RV32I_CPU/U_DATAPATH/U_PIPE_IF_ID/o_instr_reg[15]/C
                         clock pessimism              0.188    14.965    <hidden>
                         clock uncertainty           -0.035    14.930    <hidden>
    SLICE_X34Y32         FDCE (Setup_fdce_C_D)       -0.217    14.713    U_RV32I_SYSTEM/U_RV32I_CPU/U_DATAPATH/U_PIPE_IF_ID/o_instr_reg[15]
  -------------------------------------------------------------------
                         required time                         14.713    <hidden>
                         arrival time                         -13.996    <hidden>
  -------------------------------------------------------------------
                         slack                                  0.717    <hidden>

Slack (MET) :             0.723ns  (required time - arrival time)
  Source:                 U_RV32I_SYSTEM/U_RV32I_CPU/U_DATAPATH/U_PIPE_MEM_WB/o_rd_reg[2]/C
                            (rising edge-triggered cell FDCE clocked by sys_clk_pin  {rise@0.000ns fall@5.000ns period=10.000ns})
  Destination:            U_RV32I_SYSTEM/U_RV32I_CPU/U_DATAPATH/U_PIPE_ID_EX/o_alu_control_reg[1]/CE
                            (rising edge-triggered cell FDCE clocked by sys_clk_pin  {rise@0.000ns fall@5.000ns period=10.000ns})
  Path Group:             sys_clk_pin
  Path Type:              Setup (Max at Slow Process Corner)
  Requirement:            10.000ns  (sys_clk_pin rise@10.000ns - sys_clk_pin rise@0.000ns)
  Data Path Delay:        9.001ns  (logic 2.229ns (24.763%)  route 6.772ns (75.237%))
  Logic Levels:           11  (CARRY4=1 LUT2=1 LUT3=3 LUT4=2 LUT5=1 LUT6=3)
  Clock Path Skew:        -0.035ns (DCD - SCD + CPR)
    Destination Clock Delay (DCD):    4.780ns = ( 14.780 - 10.000 ) 
    Source Clock Delay      (SCD):    5.075ns
    Clock Pessimism Removal (CPR):    0.260ns
  Clock Uncertainty:      0.035ns  ((TSJ^2 + TIJ^2)^1/2 + DJ) / 2 + PE
    Total System Jitter     (TSJ):    0.071ns
    Total Input Jitter      (TIJ):    0.000ns
    Discrete Jitter          (DJ):    0.000ns
    Phase Error              (PE):    0.000ns

    Location             Delay type                Incr(ns)  Path(ns)    Netlist Resource(s)
  -------------------------------------------------------------------    -------------------
                         (clock sys_clk_pin rise edge)
                                                      0.000     0.000 r  <hidden>
    W5                                                0.000     0.000 r  clk
                         net (fo=0)                   0.000     0.000    clk
    W5                   IBUF (Prop_ibuf_I_O)         1.458     1.458 r  clk_IBUF_inst/O
                         net (fo=1, routed)           1.967     3.425    clk_IBUF
    BUFGCTRL_X0Y0        BUFG (Prop_bufg_I_O)         0.096     3.521 r  clk_IBUF_BUFG_inst/O
                         net (fo=2502, routed)        1.554     5.075    U_RV32I_SYSTEM/U_RV32I_CPU/U_DATAPATH/U_PIPE_MEM_WB/clk_IBUF_BUFG
    SLICE_X40Y30         FDCE                                         r  U_RV32I_SYSTEM/U_RV32I_CPU/U_DATAPATH/U_PIPE_MEM_WB/o_rd_reg[2]/C
  -------------------------------------------------------------------    -------------------
    SLICE_X40Y30         FDCE (Prop_fdce_C_Q)         0.456     5.531 r  U_RV32I_SYSTEM/U_RV32I_CPU/U_DATAPATH/U_PIPE_MEM_WB/o_rd_reg[2]/Q
                         net (fo=36, routed)          0.892     6.424    U_RV32I_SYSTEM/U_RV32I_CPU/U_DATAPATH/U_PIPE_ID_EX/o_rs2_data[31]_i_2_0[0]
    SLICE_X41Y28         LUT6 (Prop_lut6_I4_O)        0.124     6.548 r  U_RV32I_SYSTEM/U_RV32I_CPU/U_DATAPATH/U_PIPE_ID_EX/o_rs2_data[31]_i_4/O
                         net (fo=1, routed)           0.665     7.213    U_RV32I_SYSTEM/U_RV32I_CPU/U_DATAPATH/U_PIPE_ID_EX/o_rs2_data[31]_i_4_n_0
    SLICE_X41Y28         LUT6 (Prop_lut6_I0_O)        0.124     7.337 r  U_RV32I_SYSTEM/U_RV32I_CPU/U_DATAPATH/U_PIPE_ID_EX/o_rs2_data[31]_i_2/O
                         net (fo=34, routed)          1.157     8.495    U_RV32I_SYSTEM/U_RV32I_CPU/U_DATAPATH/U_PIPE_ID_EX/o_rs2_reg[4]_0[0]
    SLICE_X37Y33         LUT5 (Prop_lut5_I0_O)        0.124     8.619 r  U_RV32I_SYSTEM/U_RV32I_CPU/U_DATAPATH/U_PIPE_ID_EX/o_rs2_data[27]_i_1__0/O
                         net (fo=3, routed)           0.431     9.050    U_RV32I_SYSTEM/U_RV32I_CPU/U_DATAPATH/U_PIPE_ID_EX/o_rs2_data_reg[31]_0[22]
    SLICE_X37Y33         LUT3 (Prop_lut3_I1_O)        0.124     9.174 r  U_RV32I_SYSTEM/U_RV32I_CPU/U_DATAPATH/U_PIPE_ID_EX/alu_result0_carry__5_i_9/O
                         net (fo=8, routed)           0.839    10.013    U_RV32I_SYSTEM/U_RV32I_CPU/U_DATAPATH/U_PIPE_EX_MEM/alu_src2[27]
    SLICE_X38Y33         LUT4 (Prop_lut4_I1_O)        0.124    10.137 r  U_RV32I_SYSTEM/U_RV32I_CPU/U_DATAPATH/U_PIPE_EX_MEM/is_less_signed_carry__2_i_7/O
                         net (fo=1, routed)           0.000    10.137    U_RV32I_SYSTEM/U_RV32I_CPU/U_DATAPATH/U_EX_STAGE/U_ALU/en_inferred_i_9_0[1]
    SLICE_X38Y33         CARRY4 (Prop_carry4_S[1]_CO[3])
                                                      0.533    10.670 r  U_RV32I_SYSTEM/U_RV32I_CPU/U_DATAPATH/U_EX_STAGE/U_ALU/is_less_signed_carry__2/CO[3]
                         net (fo=2, routed)           0.918    11.588    U_RV32I_SYSTEM/U_RV32I_CPU/U_DATAPATH/U_PIPE_ID_EX/CO[0]
    SLICE_X36Y33         LUT6 (Prop_lut6_I0_O)        0.124    11.712 r  U_RV32I_SYSTEM/U_RV32I_CPU/U_DATAPATH/U_PIPE_ID_EX/en_inferred_i_9/O
                         net (fo=1, routed)           0.279    11.991    U_RV32I_SYSTEM/U_RV32I_CPU/U_DATAPATH/U_PIPE_ID_EX/U_EX_STAGE/btaken
    SLICE_X36Y33         LUT4 (Prop_lut4_I0_O)        0.124    12.115 r  U_RV32I_SYSTEM/U_RV32I_CPU/U_DATAPATH/U_PIPE_ID_EX/en_inferred_i_4/O
                         net (fo=5, routed)           0.181    12.296    U_RV32I_SYSTEM/U_RV32I_CPU/U_DATAPATH/U_PIPE_ID_EX/ex_take_branch
    SLICE_X36Y33         LUT3 (Prop_lut3_I1_O)        0.124    12.420 f  U_RV32I_SYSTEM/U_RV32I_CPU/U_DATAPATH/U_PIPE_ID_EX/o_instr[31]_i_3/O
                         net (fo=33, routed)          0.483    12.903    U_RV32I_SYSTEM/U_RV32I_CPU/U_DATAPATH/U_PIPE_ID_EX/o_instr[31]_i_3_0
    SLICE_X36Y33         LUT3 (Prop_lut3_I0_O)        0.124    13.027 r  U_RV32I_SYSTEM/U_RV32I_CPU/U_DATAPATH/U_PIPE_ID_EX/o_alu_src_i_3/O
                         net (fo=25, routed)          0.481    13.508    U_RV32I_SYSTEM/U_RV32I_CPU/U_DATAPATH/U_PIPE_ID_EX/flush_id_ex
    SLICE_X41Y33         LUT2 (Prop_lut2_I0_O)        0.124    13.632 r  U_RV32I_SYSTEM/U_RV32I_CPU/U_DATAPATH/U_PIPE_ID_EX/o_alu_src_i_1/O
                         net (fo=24, routed)          0.445    14.077    U_RV32I_SYSTEM/U_RV32I_CPU/U_DATAPATH/U_PIPE_ID_EX/o_alu_src_i_1_n_0
    SLICE_X39Y34         FDCE                                         r  U_RV32I_SYSTEM/U_RV32I_CPU/U_DATAPATH/U_PIPE_ID_EX/o_alu_control_reg[1]/CE
  -------------------------------------------------------------------    -------------------

                         (clock sys_clk_pin rise edge)
                                                     10.000    10.000 r  <hidden>
    W5                                                0.000    10.000 r  clk
                         net (fo=0)                   0.000    10.000    clk
    W5                   IBUF (Prop_ibuf_I_O)         1.388    11.388 r  clk_IBUF_inst/O
                         net (fo=1, routed)           1.862    13.250    clk_IBUF
    BUFGCTRL_X0Y0        BUFG (Prop_bufg_I_O)         0.091    13.341 r  clk_IBUF_BUFG_inst/O
                         net (fo=2502, routed)        1.439    14.780    U_RV32I_SYSTEM/U_RV32I_CPU/U_DATAPATH/U_PIPE_ID_EX/clk_IBUF_BUFG
    SLICE_X39Y34         FDCE                                         r  U_RV32I_SYSTEM/U_RV32I_CPU/U_DATAPATH/U_PIPE_ID_EX/o_alu_control_reg[1]/C
                         clock pessimism              0.260    15.040    <hidden>
                         clock uncertainty           -0.035    15.005    <hidden>
    SLICE_X39Y34         FDCE (Setup_fdce_C_CE)      -0.205    14.800    U_RV32I_SYSTEM/U_RV32I_CPU/U_DATAPATH/U_PIPE_ID_EX/o_alu_control_reg[1]
  -------------------------------------------------------------------
                         required time                         14.800    <hidden>
                         arrival time                         -14.077    <hidden>
  -------------------------------------------------------------------
                         slack                                  0.723    <hidden>





Min Delay Paths
--------------------------------------------------------------------------------------
Slack (MET) :             0.023ns  (arrival time - required time)
  Source:                 U_RV32I_SYSTEM/U_RV32I_CPU/U_DATAPATH/U_PIPE_EX_MEM/o_auipc_reg[24]/C
                            (rising edge-triggered cell FDCE clocked by sys_clk_pin  {rise@0.000ns fall@5.000ns period=10.000ns})
  Destination:            U_RV32I_SYSTEM/U_RV32I_CPU/U_DATAPATH/U_PIPE_MEM_WB/o_auipc_reg[24]/D
                            (rising edge-triggered cell FDCE clocked by sys_clk_pin  {rise@0.000ns fall@5.000ns period=10.000ns})
  Path Group:             sys_clk_pin
  Path Type:              Hold (Min at Fast Process Corner)
  Requirement:            0.000ns  (sys_clk_pin rise@0.000ns - sys_clk_pin rise@0.000ns)
  Data Path Delay:        0.355ns  (logic 0.141ns (39.722%)  route 0.214ns (60.278%))
  Logic Levels:           0  
  Clock Path Skew:        0.262ns (DCD - SCD - CPR)
    Destination Clock Delay (DCD):    1.954ns
    Source Clock Delay      (SCD):    1.443ns
    Clock Pessimism Removal (CPR):    0.249ns

    Location             Delay type                Incr(ns)  Path(ns)    Netlist Resource(s)
  -------------------------------------------------------------------    -------------------
                         (clock sys_clk_pin rise edge)
                                                      0.000     0.000 r  <hidden>
    W5                                                0.000     0.000 r  clk
                         net (fo=0)                   0.000     0.000    clk
    W5                   IBUF (Prop_ibuf_I_O)         0.226     0.226 r  clk_IBUF_inst/O
                         net (fo=1, routed)           0.631     0.858    clk_IBUF
    BUFGCTRL_X0Y0        BUFG (Prop_bufg_I_O)         0.026     0.884 r  clk_IBUF_BUFG_inst/O
                         net (fo=2502, routed)        0.560     1.443    U_RV32I_SYSTEM/U_RV32I_CPU/U_DATAPATH/U_PIPE_EX_MEM/clk_IBUF_BUFG
    SLICE_X33Y37         FDCE                                         r  U_RV32I_SYSTEM/U_RV32I_CPU/U_DATAPATH/U_PIPE_EX_MEM/o_auipc_reg[24]/C
  -------------------------------------------------------------------    -------------------
    SLICE_X33Y37         FDCE (Prop_fdce_C_Q)         0.141     1.584 r  U_RV32I_SYSTEM/U_RV32I_CPU/U_DATAPATH/U_PIPE_EX_MEM/o_auipc_reg[24]/Q
                         net (fo=1, routed)           0.214     1.798    U_RV32I_SYSTEM/U_RV32I_CPU/U_DATAPATH/U_PIPE_MEM_WB/o_auipc_reg[31]_0[24]
    SLICE_X37Y36         FDCE                                         r  U_RV32I_SYSTEM/U_RV32I_CPU/U_DATAPATH/U_PIPE_MEM_WB/o_auipc_reg[24]/D
  -------------------------------------------------------------------    -------------------

                         (clock sys_clk_pin rise edge)
                                                      0.000     0.000 r  <hidden>
    W5                                                0.000     0.000 r  clk
                         net (fo=0)                   0.000     0.000    clk
    W5                   IBUF (Prop_ibuf_I_O)         0.414     0.414 r  clk_IBUF_inst/O
                         net (fo=1, routed)           0.685     1.099    clk_IBUF
    BUFGCTRL_X0Y0        BUFG (Prop_bufg_I_O)         0.029     1.128 r  clk_IBUF_BUFG_inst/O
                         net (fo=2502, routed)        0.827     1.954    U_RV32I_SYSTEM/U_RV32I_CPU/U_DATAPATH/U_PIPE_MEM_WB/clk_IBUF_BUFG
    SLICE_X37Y36         FDCE                                         r  U_RV32I_SYSTEM/U_RV32I_CPU/U_DATAPATH/U_PIPE_MEM_WB/o_auipc_reg[24]/C
                         clock pessimism             -0.249     1.705    <hidden>
    SLICE_X37Y36         FDCE (Hold_fdce_C_D)         0.070     1.775    U_RV32I_SYSTEM/U_RV32I_CPU/U_DATAPATH/U_PIPE_MEM_WB/o_auipc_reg[24]
  -------------------------------------------------------------------
                         required time                         -1.775    <hidden>
                         arrival time                           1.798    <hidden>
  -------------------------------------------------------------------
                         slack                                  0.023    <hidden>

Slack (MET) :             0.027ns  (arrival time - required time)
  Source:                 U_RV32I_SYSTEM/U_RV32I_CPU/U_DATAPATH/U_PIPE_EX_MEM/o_imm_reg[12]/C
                            (rising edge-triggered cell FDCE clocked by sys_clk_pin  {rise@0.000ns fall@5.000ns period=10.000ns})
  Destination:            U_RV32I_SYSTEM/U_RV32I_CPU/U_DATAPATH/U_PIPE_MEM_WB/o_imm_reg[12]/D
                            (rising edge-triggered cell FDCE clocked by sys_clk_pin  {rise@0.000ns fall@5.000ns period=10.000ns})
  Path Group:             sys_clk_pin
  Path Type:              Hold (Min at Fast Process Corner)
  Requirement:            0.000ns  (sys_clk_pin rise@0.000ns - sys_clk_pin rise@0.000ns)
  Data Path Delay:        0.361ns  (logic 0.141ns (39.047%)  route 0.220ns (60.953%))
  Logic Levels:           0  
  Clock Path Skew:        0.262ns (DCD - SCD - CPR)
    Destination Clock Delay (DCD):    1.947ns
    Source Clock Delay      (SCD):    1.436ns
    Clock Pessimism Removal (CPR):    0.249ns

    Location             Delay type                Incr(ns)  Path(ns)    Netlist Resource(s)
  -------------------------------------------------------------------    -------------------
                         (clock sys_clk_pin rise edge)
                                                      0.000     0.000 r  <hidden>
    W5                                                0.000     0.000 r  clk
                         net (fo=0)                   0.000     0.000    clk
    W5                   IBUF (Prop_ibuf_I_O)         0.226     0.226 r  clk_IBUF_inst/O
                         net (fo=1, routed)           0.631     0.858    clk_IBUF
    BUFGCTRL_X0Y0        BUFG (Prop_bufg_I_O)         0.026     0.884 r  clk_IBUF_BUFG_inst/O
                         net (fo=2502, routed)        0.553     1.436    U_RV32I_SYSTEM/U_RV32I_CPU/U_DATAPATH/U_PIPE_EX_MEM/clk_IBUF_BUFG
    SLICE_X31Y28         FDCE                                         r  U_RV32I_SYSTEM/U_RV32I_CPU/U_DATAPATH/U_PIPE_EX_MEM/o_imm_reg[12]/C
  -------------------------------------------------------------------    -------------------
    SLICE_X31Y28         FDCE (Prop_fdce_C_Q)         0.141     1.577 r  U_RV32I_SYSTEM/U_RV32I_CPU/U_DATAPATH/U_PIPE_EX_MEM/o_imm_reg[12]/Q
                         net (fo=1, routed)           0.220     1.797    U_RV32I_SYSTEM/U_RV32I_CPU/U_DATAPATH/U_PIPE_MEM_WB/o_imm_reg[31]_0[12]
    SLICE_X36Y28         FDCE                                         r  U_RV32I_SYSTEM/U_RV32I_CPU/U_DATAPATH/U_PIPE_MEM_WB/o_imm_reg[12]/D
  -------------------------------------------------------------------    -------------------

                         (clock sys_clk_pin rise edge)
                                                      0.000     0.000 r  <hidden>
    W5                                                0.000     0.000 r  clk
                         net (fo=0)                   0.000     0.000    clk
    W5                   IBUF (Prop_ibuf_I_O)         0.414     0.414 r  clk_IBUF_inst/O
                         net (fo=1, routed)           0.685     1.099    clk_IBUF
    BUFGCTRL_X0Y0        BUFG (Prop_bufg_I_O)         0.029     1.128 r  clk_IBUF_BUFG_inst/O
                         net (fo=2502, routed)        0.820     1.947    U_RV32I_SYSTEM/U_RV32I_CPU/U_DATAPATH/U_PIPE_MEM_WB/clk_IBUF_BUFG
    SLICE_X36Y28         FDCE                                         r  U_RV32I_SYSTEM/U_RV32I_CPU/U_DATAPATH/U_PIPE_MEM_WB/o_imm_reg[12]/C
                         clock pessimism             -0.249     1.698    <hidden>
    SLICE_X36Y28         FDCE (Hold_fdce_C_D)         0.072     1.770    U_RV32I_SYSTEM/U_RV32I_CPU/U_DATAPATH/U_PIPE_MEM_WB/o_imm_reg[12]
  -------------------------------------------------------------------
                         required time                         -1.770    <hidden>
                         arrival time                           1.797    <hidden>
  -------------------------------------------------------------------
                         slack                                  0.027    <hidden>

Slack (MET) :             0.044ns  (arrival time - required time)
  Source:                 U_RV32I_SYSTEM/U_RV32I_CPU/U_DATAPATH/U_PIPE_EX_MEM/o_auipc_reg[4]/C
                            (rising edge-triggered cell FDCE clocked by sys_clk_pin  {rise@0.000ns fall@5.000ns period=10.000ns})
  Destination:            U_RV32I_SYSTEM/U_RV32I_CPU/U_DATAPATH/U_PIPE_MEM_WB/o_auipc_reg[4]/D
                            (rising edge-triggered cell FDCE clocked by sys_clk_pin  {rise@0.000ns fall@5.000ns period=10.000ns})
  Path Group:             sys_clk_pin
  Path Type:              Hold (Min at Fast Process Corner)
  Requirement:            0.000ns  (sys_clk_pin rise@0.000ns - sys_clk_pin rise@0.000ns)
  Data Path Delay:        0.375ns  (logic 0.141ns (37.591%)  route 0.234ns (62.409%))
  Logic Levels:           0  
  Clock Path Skew:        0.259ns (DCD - SCD - CPR)
    Destination Clock Delay (DCD):    1.948ns
    Source Clock Delay      (SCD):    1.440ns
    Clock Pessimism Removal (CPR):    0.249ns

    Location             Delay type                Incr(ns)  Path(ns)    Netlist Resource(s)
  -------------------------------------------------------------------    -------------------
                         (clock sys_clk_pin rise edge)
                                                      0.000     0.000 r  <hidden>
    W5                                                0.000     0.000 r  clk
                         net (fo=0)                   0.000     0.000    clk
    W5                   IBUF (Prop_ibuf_I_O)         0.226     0.226 r  clk_IBUF_inst/O
                         net (fo=1, routed)           0.631     0.858    clk_IBUF
    BUFGCTRL_X0Y0        BUFG (Prop_bufg_I_O)         0.026     0.884 r  clk_IBUF_BUFG_inst/O
                         net (fo=2502, routed)        0.557     1.440    U_RV32I_SYSTEM/U_RV32I_CPU/U_DATAPATH/U_PIPE_EX_MEM/clk_IBUF_BUFG
    SLICE_X33Y32         FDCE                                         r  U_RV32I_SYSTEM/U_RV32I_CPU/U_DATAPATH/U_PIPE_EX_MEM/o_auipc_reg[4]/C
  -------------------------------------------------------------------    -------------------
    SLICE_X33Y32         FDCE (Prop_fdce_C_Q)         0.141     1.581 r  U_RV32I_SYSTEM/U_RV32I_CPU/U_DATAPATH/U_PIPE_EX_MEM/o_auipc_reg[4]/Q
                         net (fo=1, routed)           0.234     1.815    U_RV32I_SYSTEM/U_RV32I_CPU/U_DATAPATH/U_PIPE_MEM_WB/o_auipc_reg[31]_0[4]
    SLICE_X36Y29         FDCE                                         r  U_RV32I_SYSTEM/U_RV32I_CPU/U_DATAPATH/U_PIPE_MEM_WB/o_auipc_reg[4]/D
  -------------------------------------------------------------------    -------------------

                         (clock sys_clk_pin rise edge)
                                                      0.000     0.000 r  <hidden>
    W5                                                0.000     0.000 r  clk
                         net (fo=0)                   0.000     0.000    clk
    W5                   IBUF (Prop_ibuf_I_O)         0.414     0.414 r  clk_IBUF_inst/O
                         net (fo=1, routed)           0.685     1.099    clk_IBUF
    BUFGCTRL_X0Y0        BUFG (Prop_bufg_I_O)         0.029     1.128 r  clk_IBUF_BUFG_inst/O
                         net (fo=2502, routed)        0.821     1.948    U_RV32I_SYSTEM/U_RV32I_CPU/U_DATAPATH/U_PIPE_MEM_WB/clk_IBUF_BUFG
    SLICE_X36Y29         FDCE                                         r  U_RV32I_SYSTEM/U_RV32I_CPU/U_DATAPATH/U_PIPE_MEM_WB/o_auipc_reg[4]/C
                         clock pessimism             -0.249     1.699    <hidden>
    SLICE_X36Y29         FDCE (Hold_fdce_C_D)         0.072     1.771    U_RV32I_SYSTEM/U_RV32I_CPU/U_DATAPATH/U_PIPE_MEM_WB/o_auipc_reg[4]
  -------------------------------------------------------------------
                         required time                         -1.771    <hidden>
                         arrival time                           1.815    <hidden>
  -------------------------------------------------------------------
                         slack                                  0.044    <hidden>

Slack (MET) :             0.048ns  (arrival time - required time)
  Source:                 U_RV32I_SYSTEM/U_RV32I_CPU/U_DATAPATH/U_IF_STAGE/U_PC_REG/pc_reg[16]/C
                            (rising edge-triggered cell FDCE clocked by sys_clk_pin  {rise@0.000ns fall@5.000ns period=10.000ns})
  Destination:            U_RV32I_SYSTEM/U_RV32I_CPU/U_DATAPATH/U_PIPE_IF_ID/o_pc_plus_4_reg[16]/D
                            (rising edge-triggered cell FDCE clocked by sys_clk_pin  {rise@0.000ns fall@5.000ns period=10.000ns})
  Path Group:             sys_clk_pin
  Path Type:              Hold (Min at Fast Process Corner)
  Requirement:            0.000ns  (sys_clk_pin rise@0.000ns - sys_clk_pin rise@0.000ns)
  Data Path Delay:        0.413ns  (logic 0.249ns (60.353%)  route 0.164ns (39.647%))
  Logic Levels:           1  (CARRY4=1)
  Clock Path Skew:        0.263ns (DCD - SCD - CPR)
    Destination Clock Delay (DCD):    1.954ns
    Source Clock Delay      (SCD):    1.442ns
    Clock Pessimism Removal (CPR):    0.249ns

    Location             Delay type                Incr(ns)  Path(ns)    Netlist Resource(s)
  -------------------------------------------------------------------    -------------------
                         (clock sys_clk_pin rise edge)
                                                      0.000     0.000 r  <hidden>
    W5                                                0.000     0.000 r  clk
                         net (fo=0)                   0.000     0.000    clk
    W5                   IBUF (Prop_ibuf_I_O)         0.226     0.226 r  clk_IBUF_inst/O
                         net (fo=1, routed)           0.631     0.858    clk_IBUF
    BUFGCTRL_X0Y0        BUFG (Prop_bufg_I_O)         0.026     0.884 r  clk_IBUF_BUFG_inst/O
                         net (fo=2502, routed)        0.559     1.442    U_RV32I_SYSTEM/U_RV32I_CPU/U_DATAPATH/U_IF_STAGE/U_PC_REG/clk_IBUF_BUFG
    SLICE_X36Y36         FDCE                                         r  U_RV32I_SYSTEM/U_RV32I_CPU/U_DATAPATH/U_IF_STAGE/U_PC_REG/pc_reg[16]/C
  -------------------------------------------------------------------    -------------------
    SLICE_X36Y36         FDCE (Prop_fdce_C_Q)         0.141     1.583 r  U_RV32I_SYSTEM/U_RV32I_CPU/U_DATAPATH/U_IF_STAGE/U_PC_REG/pc_reg[16]/Q
                         net (fo=3, routed)           0.164     1.747    U_RV32I_SYSTEM/U_RV32I_CPU/U_DATAPATH/U_IF_STAGE/U_PC_REG/Q[16]
    SLICE_X35Y37         CARRY4 (Prop_carry4_S[3]_O[3])
                                                      0.108     1.855 r  U_RV32I_SYSTEM/U_RV32I_CPU/U_DATAPATH/U_IF_STAGE/U_PC_REG/o_pc_plus_4_reg[16]_i_1/O[3]
                         net (fo=2, routed)           0.000     1.855    U_RV32I_SYSTEM/U_RV32I_CPU/U_DATAPATH/U_PIPE_IF_ID/D[15]
    SLICE_X35Y37         FDCE                                         r  U_RV32I_SYSTEM/U_RV32I_CPU/U_DATAPATH/U_PIPE_IF_ID/o_pc_plus_4_reg[16]/D
  -------------------------------------------------------------------    -------------------

                         (clock sys_clk_pin rise edge)
                                                      0.000     0.000 r  <hidden>
    W5                                                0.000     0.000 r  clk
                         net (fo=0)                   0.000     0.000    clk
    W5                   IBUF (Prop_ibuf_I_O)         0.414     0.414 r  clk_IBUF_inst/O
                         net (fo=1, routed)           0.685     1.099    clk_IBUF
    BUFGCTRL_X0Y0        BUFG (Prop_bufg_I_O)         0.029     1.128 r  clk_IBUF_BUFG_inst/O
                         net (fo=2502, routed)        0.827     1.954    U_RV32I_SYSTEM/U_RV32I_CPU/U_DATAPATH/U_PIPE_IF_ID/clk_IBUF_BUFG
    SLICE_X35Y37         FDCE                                         r  U_RV32I_SYSTEM/U_RV32I_CPU/U_DATAPATH/U_PIPE_IF_ID/o_pc_plus_4_reg[16]/C
                         clock pessimism             -0.249     1.705    <hidden>
    SLICE_X35Y37         FDCE (Hold_fdce_C_D)         0.102     1.807    U_RV32I_SYSTEM/U_RV32I_CPU/U_DATAPATH/U_PIPE_IF_ID/o_pc_plus_4_reg[16]
  -------------------------------------------------------------------
                         required time                         -1.807    <hidden>
                         arrival time                           1.855    <hidden>
  -------------------------------------------------------------------
                         slack                                  0.048    <hidden>

Slack (MET) :             0.053ns  (arrival time - required time)
  Source:                 U_RV32I_SYSTEM/U_RV32I_CPU/U_DATAPATH/U_PIPE_IF_ID/o_pc_reg[2]/C
                            (rising edge-triggered cell FDCE clocked by sys_clk_pin  {rise@0.000ns fall@5.000ns period=10.000ns})
  Destination:            U_RV32I_SYSTEM/U_RV32I_CPU/U_DATAPATH/U_PIPE_ID_EX/o_pc_reg[2]/D
                            (rising edge-triggered cell FDCE clocked by sys_clk_pin  {rise@0.000ns fall@5.000ns period=10.000ns})
  Path Group:             sys_clk_pin
  Path Type:              Hold (Min at Fast Process Corner)
  Requirement:            0.000ns  (sys_clk_pin rise@0.000ns - sys_clk_pin rise@0.000ns)
  Data Path Delay:        0.365ns  (logic 0.141ns (38.590%)  route 0.224ns (61.410%))
  Logic Levels:           0  
  Clock Path Skew:        0.260ns (DCD - SCD - CPR)
    Destination Clock Delay (DCD):    1.950ns
    Source Clock Delay      (SCD):    1.441ns
    Clock Pessimism Removal (CPR):    0.249ns

    Location             Delay type                Incr(ns)  Path(ns)    Netlist Resource(s)
  -------------------------------------------------------------------    -------------------
                         (clock sys_clk_pin rise edge)
                                                      0.000     0.000 r  <hidden>
    W5                                                0.000     0.000 r  clk
                         net (fo=0)                   0.000     0.000    clk
    W5                   IBUF (Prop_ibuf_I_O)         0.226     0.226 r  clk_IBUF_inst/O
                         net (fo=1, routed)           0.631     0.858    clk_IBUF
    BUFGCTRL_X0Y0        BUFG (Prop_bufg_I_O)         0.026     0.884 r  clk_IBUF_BUFG_inst/O
                         net (fo=2502, routed)        0.558     1.441    U_RV32I_SYSTEM/U_RV32I_CPU/U_DATAPATH/U_PIPE_IF_ID/clk_IBUF_BUFG
    SLICE_X37Y33         FDCE                                         r  U_RV32I_SYSTEM/U_RV32I_CPU/U_DATAPATH/U_PIPE_IF_ID/o_pc_reg[2]/C
  -------------------------------------------------------------------    -------------------
    SLICE_X37Y33         FDCE (Prop_fdce_C_Q)         0.141     1.582 r  U_RV32I_SYSTEM/U_RV32I_CPU/U_DATAPATH/U_PIPE_IF_ID/o_pc_reg[2]/Q
                         net (fo=2, routed)           0.224     1.807    U_RV32I_SYSTEM/U_RV32I_CPU/U_DATAPATH/U_PIPE_ID_EX/id_pc[2]
    SLICE_X30Y31         FDCE                                         r  U_RV32I_SYSTEM/U_RV32I_CPU/U_DATAPATH/U_PIPE_ID_EX/o_pc_reg[2]/D
  -------------------------------------------------------------------    -------------------

                         (clock sys_clk_pin rise edge)
                                                      0.000     0.000 r  <hidden>
    W5                                                0.000     0.000 r  clk
                         net (fo=0)                   0.000     0.000    clk
    W5                   IBUF (Prop_ibuf_I_O)         0.414     0.414 r  clk_IBUF_inst/O
                         net (fo=1, routed)           0.685     1.099    clk_IBUF
    BUFGCTRL_X0Y0        BUFG (Prop_bufg_I_O)         0.029     1.128 r  clk_IBUF_BUFG_inst/O
                         net (fo=2502, routed)        0.823     1.950    U_RV32I_SYSTEM/U_RV32I_CPU/U_DATAPATH/U_PIPE_ID_EX/clk_IBUF_BUFG
    SLICE_X30Y31         FDCE                                         r  U_RV32I_SYSTEM/U_RV32I_CPU/U_DATAPATH/U_PIPE_ID_EX/o_pc_reg[2]/C
                         clock pessimism             -0.249     1.701    <hidden>
    SLICE_X30Y31         FDCE (Hold_fdce_C_D)         0.052     1.753    U_RV32I_SYSTEM/U_RV32I_CPU/U_DATAPATH/U_PIPE_ID_EX/o_pc_reg[2]
  -------------------------------------------------------------------
                         required time                         -1.753    <hidden>
                         arrival time                           1.807    <hidden>
  -------------------------------------------------------------------
                         slack                                  0.053    <hidden>

Slack (MET) :             0.054ns  (arrival time - required time)
  Source:                 U_RV32I_SYSTEM/U_RV32I_CPU/U_DATAPATH/U_PIPE_IF_ID/o_pc_plus_4_reg[6]/C
                            (rising edge-triggered cell FDCE clocked by sys_clk_pin  {rise@0.000ns fall@5.000ns period=10.000ns})
  Destination:            U_RV32I_SYSTEM/U_RV32I_CPU/U_DATAPATH/U_PIPE_ID_EX/o_pc_plus_4_reg[6]/D
                            (rising edge-triggered cell FDCE clocked by sys_clk_pin  {rise@0.000ns fall@5.000ns period=10.000ns})
  Path Group:             sys_clk_pin
  Path Type:              Hold (Min at Fast Process Corner)
  Requirement:            0.000ns  (sys_clk_pin rise@0.000ns - sys_clk_pin rise@0.000ns)
  Data Path Delay:        0.387ns  (logic 0.141ns (36.401%)  route 0.246ns (63.599%))
  Logic Levels:           0  
  Clock Path Skew:        0.263ns (DCD - SCD - CPR)
    Destination Clock Delay (DCD):    1.953ns
    Source Clock Delay      (SCD):    1.441ns
    Clock Pessimism Removal (CPR):    0.249ns

    Location             Delay type                Incr(ns)  Path(ns)    Netlist Resource(s)
  -------------------------------------------------------------------    -------------------
                         (clock sys_clk_pin rise edge)
                                                      0.000     0.000 r  <hidden>
    W5                                                0.000     0.000 r  clk
                         net (fo=0)                   0.000     0.000    clk
    W5                   IBUF (Prop_ibuf_I_O)         0.226     0.226 r  clk_IBUF_inst/O
                         net (fo=1, routed)           0.631     0.858    clk_IBUF
    BUFGCTRL_X0Y0        BUFG (Prop_bufg_I_O)         0.026     0.884 r  clk_IBUF_BUFG_inst/O
                         net (fo=2502, routed)        0.558     1.441    U_RV32I_SYSTEM/U_RV32I_CPU/U_DATAPATH/U_PIPE_IF_ID/clk_IBUF_BUFG
    SLICE_X35Y35         FDCE                                         r  U_RV32I_SYSTEM/U_RV32I_CPU/U_DATAPATH/U_PIPE_IF_ID/o_pc_plus_4_reg[6]/C
  -------------------------------------------------------------------    -------------------
    SLICE_X35Y35         FDCE (Prop_fdce_C_Q)         0.141     1.582 r  U_RV32I_SYSTEM/U_RV32I_CPU/U_DATAPATH/U_PIPE_IF_ID/o_pc_plus_4_reg[6]/Q
                         net (fo=1, routed)           0.246     1.828    U_RV32I_SYSTEM/U_RV32I_CPU/U_DATAPATH/U_PIPE_ID_EX/o_pc_plus_4_reg[31]_1[5]
    SLICE_X40Y33         FDCE                                         r  U_RV32I_SYSTEM/U_RV32I_CPU/U_DATAPATH/U_PIPE_ID_EX/o_pc_plus_4_reg[6]/D
  -------------------------------------------------------------------    -------------------

                         (clock sys_clk_pin rise edge)
                                                      0.000     0.000 r  <hidden>
    W5                                                0.000     0.000 r  clk
                         net (fo=0)                   0.000     0.000    clk
    W5                   IBUF (Prop_ibuf_I_O)         0.414     0.414 r  clk_IBUF_inst/O
                         net (fo=1, routed)           0.685     1.099    clk_IBUF
    BUFGCTRL_X0Y0        BUFG (Prop_bufg_I_O)         0.029     1.128 r  clk_IBUF_BUFG_inst/O
                         net (fo=2502, routed)        0.826     1.953    U_RV32I_SYSTEM/U_RV32I_CPU/U_DATAPATH/U_PIPE_ID_EX/clk_IBUF_BUFG
    SLICE_X40Y33         FDCE                                         r  U_RV32I_SYSTEM/U_RV32I_CPU/U_DATAPATH/U_PIPE_ID_EX/o_pc_plus_4_reg[6]/C
                         clock pessimism             -0.249     1.704    <hidden>
    SLICE_X40Y33         FDCE (Hold_fdce_C_D)         0.070     1.774    U_RV32I_SYSTEM/U_RV32I_CPU/U_DATAPATH/U_PIPE_ID_EX/o_pc_plus_4_reg[6]
  -------------------------------------------------------------------
                         required time                         -1.774    <hidden>
                         arrival time                           1.828    <hidden>
  -------------------------------------------------------------------
                         slack                                  0.054    <hidden>

Slack (MET) :             0.055ns  (arrival time - required time)
  Source:                 U_RV32I_SYSTEM/U_RV32I_CPU/U_DATAPATH/U_PIPE_EX_MEM/o_alu_result_reg[22]/C
                            (rising edge-triggered cell FDCE clocked by sys_clk_pin  {rise@0.000ns fall@5.000ns period=10.000ns})
  Destination:            U_RV32I_SYSTEM/U_RV32I_CPU/U_DATAPATH/U_PIPE_MEM_WB/o_alu_result_reg[22]/D
                            (rising edge-triggered cell FDCE clocked by sys_clk_pin  {rise@0.000ns fall@5.000ns period=10.000ns})
  Path Group:             sys_clk_pin
  Path Type:              Hold (Min at Fast Process Corner)
  Requirement:            0.000ns  (sys_clk_pin rise@0.000ns - sys_clk_pin rise@0.000ns)
  Data Path Delay:        0.387ns  (logic 0.141ns (36.387%)  route 0.246ns (63.613%))
  Logic Levels:           0  
  Clock Path Skew:        0.262ns (DCD - SCD - CPR)
    Destination Clock Delay (DCD):    1.955ns
    Source Clock Delay      (SCD):    1.444ns
    Clock Pessimism Removal (CPR):    0.249ns

    Location             Delay type                Incr(ns)  Path(ns)    Netlist Resource(s)
  -------------------------------------------------------------------    -------------------
                         (clock sys_clk_pin rise edge)
                                                      0.000     0.000 r  <hidden>
    W5                                                0.000     0.000 r  clk
                         net (fo=0)                   0.000     0.000    clk
    W5                   IBUF (Prop_ibuf_I_O)         0.226     0.226 r  clk_IBUF_inst/O
                         net (fo=1, routed)           0.631     0.858    clk_IBUF
    BUFGCTRL_X0Y0        BUFG (Prop_bufg_I_O)         0.026     0.884 r  clk_IBUF_BUFG_inst/O
                         net (fo=2502, routed)        0.561     1.444    U_RV32I_SYSTEM/U_RV32I_CPU/U_DATAPATH/U_PIPE_EX_MEM/clk_IBUF_BUFG
    SLICE_X36Y39         FDCE                                         r  U_RV32I_SYSTEM/U_RV32I_CPU/U_DATAPATH/U_PIPE_EX_MEM/o_alu_result_reg[22]/C
  -------------------------------------------------------------------    -------------------
    SLICE_X36Y39         FDCE (Prop_fdce_C_Q)         0.141     1.585 r  U_RV32I_SYSTEM/U_RV32I_CPU/U_DATAPATH/U_PIPE_EX_MEM/o_alu_result_reg[22]/Q
                         net (fo=1, routed)           0.246     1.832    U_RV32I_SYSTEM/U_RV32I_CPU/U_DATAPATH/U_PIPE_MEM_WB/o_alu_result_reg[31]_0[22]
    SLICE_X31Y37         FDCE                                         r  U_RV32I_SYSTEM/U_RV32I_CPU/U_DATAPATH/U_PIPE_MEM_WB/o_alu_result_reg[22]/D
  -------------------------------------------------------------------    -------------------

                         (clock sys_clk_pin rise edge)
                                                      0.000     0.000 r  <hidden>
    W5                                                0.000     0.000 r  clk
                         net (fo=0)                   0.000     0.000    clk
    W5                   IBUF (Prop_ibuf_I_O)         0.414     0.414 r  clk_IBUF_inst/O
                         net (fo=1, routed)           0.685     1.099    clk_IBUF
    BUFGCTRL_X0Y0        BUFG (Prop_bufg_I_O)         0.029     1.128 r  clk_IBUF_BUFG_inst/O
                         net (fo=2502, routed)        0.828     1.955    U_RV32I_SYSTEM/U_RV32I_CPU/U_DATAPATH/U_PIPE_MEM_WB/clk_IBUF_BUFG
    SLICE_X31Y37         FDCE                                         r  U_RV32I_SYSTEM/U_RV32I_CPU/U_DATAPATH/U_PIPE_MEM_WB/o_alu_result_reg[22]/C
                         clock pessimism             -0.249     1.706    <hidden>
    SLICE_X31Y37         FDCE (Hold_fdce_C_D)         0.070     1.776    U_RV32I_SYSTEM/U_RV32I_CPU/U_DATAPATH/U_PIPE_MEM_WB/o_alu_result_reg[22]
  -------------------------------------------------------------------
                         required time                         -1.776    <hidden>
                         arrival time                           1.832    <hidden>
  -------------------------------------------------------------------
                         slack                                  0.055    <hidden>

Slack (MET) :             0.056ns  (arrival time - required time)
  Source:                 U_RV32I_SYSTEM/U_RV32I_CPU/U_DATAPATH/U_PIPE_EX_MEM/o_auipc_reg[2]/C
                            (rising edge-triggered cell FDCE clocked by sys_clk_pin  {rise@0.000ns fall@5.000ns period=10.000ns})
  Destination:            U_RV32I_SYSTEM/U_RV32I_CPU/U_DATAPATH/U_PIPE_MEM_WB/o_auipc_reg[2]/D
                            (rising edge-triggered cell FDCE clocked by sys_clk_pin  {rise@0.000ns fall@5.000ns period=10.000ns})
  Path Group:             sys_clk_pin
  Path Type:              Hold (Min at Fast Process Corner)
  Requirement:            0.000ns  (sys_clk_pin rise@0.000ns - sys_clk_pin rise@0.000ns)
  Data Path Delay:        0.384ns  (logic 0.141ns (36.732%)  route 0.243ns (63.268%))
  Logic Levels:           0  
  Clock Path Skew:        0.258ns (DCD - SCD - CPR)
    Destination Clock Delay (DCD):    1.946ns
    Source Clock Delay      (SCD):    1.439ns
    Clock Pessimism Removal (CPR):    0.249ns

    Location             Delay type                Incr(ns)  Path(ns)    Netlist Resource(s)
  -------------------------------------------------------------------    -------------------
                         (clock sys_clk_pin rise edge)
                                                      0.000     0.000 r  <hidden>
    W5                                                0.000     0.000 r  clk
                         net (fo=0)                   0.000     0.000    clk
    W5                   IBUF (Prop_ibuf_I_O)         0.226     0.226 r  clk_IBUF_inst/O
                         net (fo=1, routed)           0.631     0.858    clk_IBUF
    BUFGCTRL_X0Y0        BUFG (Prop_bufg_I_O)         0.026     0.884 r  clk_IBUF_BUFG_inst/O
                         net (fo=2502, routed)        0.556     1.439    U_RV32I_SYSTEM/U_RV32I_CPU/U_DATAPATH/U_PIPE_EX_MEM/clk_IBUF_BUFG
    SLICE_X33Y31         FDCE                                         r  U_RV32I_SYSTEM/U_RV32I_CPU/U_DATAPATH/U_PIPE_EX_MEM/o_auipc_reg[2]/C
  -------------------------------------------------------------------    -------------------
    SLICE_X33Y31         FDCE (Prop_fdce_C_Q)         0.141     1.580 r  U_RV32I_SYSTEM/U_RV32I_CPU/U_DATAPATH/U_PIPE_EX_MEM/o_auipc_reg[2]/Q
                         net (fo=1, routed)           0.243     1.823    U_RV32I_SYSTEM/U_RV32I_CPU/U_DATAPATH/U_PIPE_MEM_WB/o_auipc_reg[31]_0[2]
    SLICE_X36Y27         FDCE                                         r  U_RV32I_SYSTEM/U_RV32I_CPU/U_DATAPATH/U_PIPE_MEM_WB/o_auipc_reg[2]/D
  -------------------------------------------------------------------    -------------------

                         (clock sys_clk_pin rise edge)
                                                      0.000     0.000 r  <hidden>
    W5                                                0.000     0.000 r  clk
                         net (fo=0)                   0.000     0.000    clk
    W5                   IBUF (Prop_ibuf_I_O)         0.414     0.414 r  clk_IBUF_inst/O
                         net (fo=1, routed)           0.685     1.099    clk_IBUF
    BUFGCTRL_X0Y0        BUFG (Prop_bufg_I_O)         0.029     1.128 r  clk_IBUF_BUFG_inst/O
                         net (fo=2502, routed)        0.819     1.946    U_RV32I_SYSTEM/U_RV32I_CPU/U_DATAPATH/U_PIPE_MEM_WB/clk_IBUF_BUFG
    SLICE_X36Y27         FDCE                                         r  U_RV32I_SYSTEM/U_RV32I_CPU/U_DATAPATH/U_PIPE_MEM_WB/o_auipc_reg[2]/C
                         clock pessimism             -0.249     1.697    <hidden>
    SLICE_X36Y27         FDCE (Hold_fdce_C_D)         0.070     1.767    U_RV32I_SYSTEM/U_RV32I_CPU/U_DATAPATH/U_PIPE_MEM_WB/o_auipc_reg[2]
  -------------------------------------------------------------------
                         required time                         -1.767    <hidden>
                         arrival time                           1.823    <hidden>
  -------------------------------------------------------------------
                         slack                                  0.056    <hidden>

Slack (MET) :             0.061ns  (arrival time - required time)
  Source:                 U_RV32I_SYSTEM/U_RV32I_CPU/U_DATAPATH/U_PIPE_IF_ID/o_pc_plus_4_reg[31]/C
                            (rising edge-triggered cell FDCE clocked by sys_clk_pin  {rise@0.000ns fall@5.000ns period=10.000ns})
  Destination:            U_RV32I_SYSTEM/U_RV32I_CPU/U_DATAPATH/U_PIPE_ID_EX/o_pc_plus_4_reg[31]/D
                            (rising edge-triggered cell FDCE clocked by sys_clk_pin  {rise@0.000ns fall@5.000ns period=10.000ns})
  Path Group:             sys_clk_pin
  Path Type:              Hold (Min at Fast Process Corner)
  Requirement:            0.000ns  (sys_clk_pin rise@0.000ns - sys_clk_pin rise@0.000ns)
  Data Path Delay:        0.392ns  (logic 0.141ns (36.002%)  route 0.251ns (63.998%))
  Logic Levels:           0  
  Clock Path Skew:        0.265ns (DCD - SCD - CPR)
    Destination Clock Delay (DCD):    1.958ns
    Source Clock Delay      (SCD):    1.444ns
    Clock Pessimism Removal (CPR):    0.249ns

    Location             Delay type                Incr(ns)  Path(ns)    Netlist Resource(s)
  -------------------------------------------------------------------    -------------------
                         (clock sys_clk_pin rise edge)
                                                      0.000     0.000 r  <hidden>
    W5                                                0.000     0.000 r  clk
                         net (fo=0)                   0.000     0.000    clk
    W5                   IBUF (Prop_ibuf_I_O)         0.226     0.226 r  clk_IBUF_inst/O
                         net (fo=1, routed)           0.631     0.858    clk_IBUF
    BUFGCTRL_X0Y0        BUFG (Prop_bufg_I_O)         0.026     0.884 r  clk_IBUF_BUFG_inst/O
                         net (fo=2502, routed)        0.561     1.444    U_RV32I_SYSTEM/U_RV32I_CPU/U_DATAPATH/U_PIPE_IF_ID/clk_IBUF_BUFG
    SLICE_X35Y41         FDCE                                         r  U_RV32I_SYSTEM/U_RV32I_CPU/U_DATAPATH/U_PIPE_IF_ID/o_pc_plus_4_reg[31]/C
  -------------------------------------------------------------------    -------------------
    SLICE_X35Y41         FDCE (Prop_fdce_C_Q)         0.141     1.585 r  U_RV32I_SYSTEM/U_RV32I_CPU/U_DATAPATH/U_PIPE_IF_ID/o_pc_plus_4_reg[31]/Q
                         net (fo=1, routed)           0.251     1.836    U_RV32I_SYSTEM/U_RV32I_CPU/U_DATAPATH/U_PIPE_ID_EX/o_pc_plus_4_reg[31]_1[30]
    SLICE_X40Y39         FDCE                                         r  U_RV32I_SYSTEM/U_RV32I_CPU/U_DATAPATH/U_PIPE_ID_EX/o_pc_plus_4_reg[31]/D
  -------------------------------------------------------------------    -------------------

                         (clock sys_clk_pin rise edge)
                                                      0.000     0.000 r  <hidden>
    W5                                                0.000     0.000 r  clk
                         net (fo=0)                   0.000     0.000    clk
    W5                   IBUF (Prop_ibuf_I_O)         0.414     0.414 r  clk_IBUF_inst/O
                         net (fo=1, routed)           0.685     1.099    clk_IBUF
    BUFGCTRL_X0Y0        BUFG (Prop_bufg_I_O)         0.029     1.128 r  clk_IBUF_BUFG_inst/O
                         net (fo=2502, routed)        0.831     1.958    U_RV32I_SYSTEM/U_RV32I_CPU/U_DATAPATH/U_PIPE_ID_EX/clk_IBUF_BUFG
    SLICE_X40Y39         FDCE                                         r  U_RV32I_SYSTEM/U_RV32I_CPU/U_DATAPATH/U_PIPE_ID_EX/o_pc_plus_4_reg[31]/C
                         clock pessimism             -0.249     1.709    <hidden>
    SLICE_X40Y39         FDCE (Hold_fdce_C_D)         0.066     1.775    U_RV32I_SYSTEM/U_RV32I_CPU/U_DATAPATH/U_PIPE_ID_EX/o_pc_plus_4_reg[31]
  -------------------------------------------------------------------
                         required time                         -1.775    <hidden>
                         arrival time                           1.836    <hidden>
  -------------------------------------------------------------------
                         slack                                  0.061    <hidden>

Slack (MET) :             0.061ns  (arrival time - required time)
  Source:                 U_RV32I_SYSTEM/U_RV32I_CPU/U_DATAPATH/U_PIPE_IF_ID/o_pc_plus_4_reg[25]/C
                            (rising edge-triggered cell FDCE clocked by sys_clk_pin  {rise@0.000ns fall@5.000ns period=10.000ns})
  Destination:            U_RV32I_SYSTEM/U_RV32I_CPU/U_DATAPATH/U_PIPE_ID_EX/o_pc_plus_4_reg[25]/D
                            (rising edge-triggered cell FDCE clocked by sys_clk_pin  {rise@0.000ns fall@5.000ns period=10.000ns})
  Path Group:             sys_clk_pin
  Path Type:              Hold (Min at Fast Process Corner)
  Requirement:            0.000ns  (sys_clk_pin rise@0.000ns - sys_clk_pin rise@0.000ns)
  Data Path Delay:        0.392ns  (logic 0.141ns (35.927%)  route 0.251ns (64.073%))
  Logic Levels:           0  
  Clock Path Skew:        0.265ns (DCD - SCD - CPR)
    Destination Clock Delay (DCD):    1.958ns
    Source Clock Delay      (SCD):    1.444ns
    Clock Pessimism Removal (CPR):    0.249ns

    Location             Delay type                Incr(ns)  Path(ns)    Netlist Resource(s)
  -------------------------------------------------------------------    -------------------
                         (clock sys_clk_pin rise edge)
                                                      0.000     0.000 r  <hidden>
    W5                                                0.000     0.000 r  clk
                         net (fo=0)                   0.000     0.000    clk
    W5                   IBUF (Prop_ibuf_I_O)         0.226     0.226 r  clk_IBUF_inst/O
                         net (fo=1, routed)           0.631     0.858    clk_IBUF
    BUFGCTRL_X0Y0        BUFG (Prop_bufg_I_O)         0.026     0.884 r  clk_IBUF_BUFG_inst/O
                         net (fo=2502, routed)        0.561     1.444    U_RV32I_SYSTEM/U_RV32I_CPU/U_DATAPATH/U_PIPE_IF_ID/clk_IBUF_BUFG
    SLICE_X35Y40         FDCE                                         r  U_RV32I_SYSTEM/U_RV32I_CPU/U_DATAPATH/U_PIPE_IF_ID/o_pc_plus_4_reg[25]/C
  -------------------------------------------------------------------    -------------------
    SLICE_X35Y40         FDCE (Prop_fdce_C_Q)         0.141     1.585 r  U_RV32I_SYSTEM/U_RV32I_CPU/U_DATAPATH/U_PIPE_IF_ID/o_pc_plus_4_reg[25]/Q
                         net (fo=1, routed)           0.251     1.837    U_RV32I_SYSTEM/U_RV32I_CPU/U_DATAPATH/U_PIPE_ID_EX/o_pc_plus_4_reg[31]_1[24]
    SLICE_X39Y41         FDCE                                         r  U_RV32I_SYSTEM/U_RV32I_CPU/U_DATAPATH/U_PIPE_ID_EX/o_pc_plus_4_reg[25]/D
  -------------------------------------------------------------------    -------------------

                         (clock sys_clk_pin rise edge)
                                                      0.000     0.000 r  <hidden>
    W5                                                0.000     0.000 r  clk
                         net (fo=0)                   0.000     0.000    clk
    W5                   IBUF (Prop_ibuf_I_O)         0.414     0.414 r  clk_IBUF_inst/O
                         net (fo=1, routed)           0.685     1.099    clk_IBUF
    BUFGCTRL_X0Y0        BUFG (Prop_bufg_I_O)         0.029     1.128 r  clk_IBUF_BUFG_inst/O
                         net (fo=2502, routed)        0.831     1.958    U_RV32I_SYSTEM/U_RV32I_CPU/U_DATAPATH/U_PIPE_ID_EX/clk_IBUF_BUFG
    SLICE_X39Y41         FDCE                                         r  U_RV32I_SYSTEM/U_RV32I_CPU/U_DATAPATH/U_PIPE_ID_EX/o_pc_plus_4_reg[25]/C
                         clock pessimism             -0.249     1.709    <hidden>
    SLICE_X39Y41         FDCE (Hold_fdce_C_D)         0.066     1.775    U_RV32I_SYSTEM/U_RV32I_CPU/U_DATAPATH/U_PIPE_ID_EX/o_pc_plus_4_reg[25]
  -------------------------------------------------------------------
                         required time                         -1.775    <hidden>
                         arrival time                           1.837    <hidden>
  -------------------------------------------------------------------
                         slack                                  0.061    <hidden>





Pulse Width Checks
--------------------------------------------------------------------------------------
Clock Name:         sys_clk_pin
Waveform(ns):       { 0.000 5.000 }
Period(ns):         10.000
Sources:            { clk }

Check Type        Corner  Lib Pin      Reference Pin  Required(ns)  Actual(ns)  Slack(ns)  Location       Pin
Min Period        n/a     BUFG/I       n/a            2.155         10.000      7.845      BUFGCTRL_X0Y0  clk_IBUF_BUFG_inst/I
Min Period        n/a     FDCE/C       n/a            1.000         10.000      9.000      SLICE_X11Y1    U_BTN_DEBOUNCE/clk_cnt_reg[0]/C
Min Period        n/a     FDCE/C       n/a            1.000         10.000      9.000      SLICE_X11Y2    U_BTN_DEBOUNCE/clk_cnt_reg[10]/C
Min Period        n/a     FDCE/C       n/a            1.000         10.000      9.000      SLICE_X11Y2    U_BTN_DEBOUNCE/clk_cnt_reg[11]/C
Min Period        n/a     FDCE/C       n/a            1.000         10.000      9.000      SLICE_X11Y2    U_BTN_DEBOUNCE/clk_cnt_reg[12]/C
Min Period        n/a     FDCE/C       n/a            1.000         10.000      9.000      SLICE_X11Y2    U_BTN_DEBOUNCE/clk_cnt_reg[13]/C
Min Period        n/a     FDCE/C       n/a            1.000         10.000      9.000      SLICE_X11Y3    U_BTN_DEBOUNCE/clk_cnt_reg[14]/C
Min Period        n/a     FDCE/C       n/a            1.000         10.000      9.000      SLICE_X11Y3    U_BTN_DEBOUNCE/clk_cnt_reg[15]/C
Min Period        n/a     FDCE/C       n/a            1.000         10.000      9.000      SLICE_X11Y3    U_BTN_DEBOUNCE/clk_cnt_reg[16]/C
Min Period        n/a     FDCE/C       n/a            1.000         10.000      9.000      SLICE_X11Y3    U_BTN_DEBOUNCE/clk_cnt_reg[17]/C
Low Pulse Width   Slow    RAMS64E/CLK  n/a            1.250         5.000       3.750      SLICE_X34Y8    U_RV32I_SYSTEM/U_DATA_MEM/U_DMEM/dmem_reg_0_255_0_0/RAMS64E_A/CLK
Low Pulse Width   Fast    RAMS64E/CLK  n/a            1.250         5.000       3.750      SLICE_X34Y8    U_RV32I_SYSTEM/U_DATA_MEM/U_DMEM/dmem_reg_0_255_0_0/RAMS64E_A/CLK
Low Pulse Width   Slow    RAMS64E/CLK  n/a            1.250         5.000       3.750      SLICE_X34Y8    U_RV32I_SYSTEM/U_DATA_MEM/U_DMEM/dmem_reg_0_255_0_0/RAMS64E_B/CLK
Low Pulse Width   Fast    RAMS64E/CLK  n/a            1.250         5.000       3.750      SLICE_X34Y8    U_RV32I_SYSTEM/U_DATA_MEM/U_DMEM/dmem_reg_0_255_0_0/RAMS64E_B/CLK
Low Pulse Width   Slow    RAMS64E/CLK  n/a            1.250         5.000       3.750      SLICE_X34Y8    U_RV32I_SYSTEM/U_DATA_MEM/U_DMEM/dmem_reg_0_255_0_0/RAMS64E_C/CLK
Low Pulse Width   Fast    RAMS64E/CLK  n/a            1.250         5.000       3.750      SLICE_X34Y8    U_RV32I_SYSTEM/U_DATA_MEM/U_DMEM/dmem_reg_0_255_0_0/RAMS64E_C/CLK
Low Pulse Width   Slow    RAMS64E/CLK  n/a            1.250         5.000       3.750      SLICE_X34Y8    U_RV32I_SYSTEM/U_DATA_MEM/U_DMEM/dmem_reg_0_255_0_0/RAMS64E_D/CLK
Low Pulse Width   Fast    RAMS64E/CLK  n/a            1.250         5.000       3.750      SLICE_X34Y8    U_RV32I_SYSTEM/U_DATA_MEM/U_DMEM/dmem_reg_0_255_0_0/RAMS64E_D/CLK
Low Pulse Width   Slow    RAMS64E/CLK  n/a            1.250         5.000       3.750      SLICE_X46Y10   U_RV32I_SYSTEM/U_DATA_MEM/U_DMEM/dmem_reg_0_255_10_10/RAMS64E_A/CLK
Low Pulse Width   Fast    RAMS64E/CLK  n/a            1.250         5.000       3.750      SLICE_X46Y10   U_RV32I_SYSTEM/U_DATA_MEM/U_DMEM/dmem_reg_0_255_10_10/RAMS64E_A/CLK
High Pulse Width  Slow    RAMS64E/CLK  n/a            1.250         5.000       3.750      SLICE_X34Y8    U_RV32I_SYSTEM/U_DATA_MEM/U_DMEM/dmem_reg_0_255_0_0/RAMS64E_A/CLK
High Pulse Width  Fast    RAMS64E/CLK  n/a            1.250         5.000       3.750      SLICE_X34Y8    U_RV32I_SYSTEM/U_DATA_MEM/U_DMEM/dmem_reg_0_255_0_0/RAMS64E_A/CLK
High Pulse Width  Slow    RAMS64E/CLK  n/a            1.250         5.000       3.750      SLICE_X34Y8    U_RV32I_SYSTEM/U_DATA_MEM/U_DMEM/dmem_reg_0_255_0_0/RAMS64E_B/CLK
High Pulse Width  Fast    RAMS64E/CLK  n/a            1.250         5.000       3.750      SLICE_X34Y8    U_RV32I_SYSTEM/U_DATA_MEM/U_DMEM/dmem_reg_0_255_0_0/RAMS64E_B/CLK
High Pulse Width  Slow    RAMS64E/CLK  n/a            1.250         5.000       3.750      SLICE_X34Y8    U_RV32I_SYSTEM/U_DATA_MEM/U_DMEM/dmem_reg_0_255_0_0/RAMS64E_C/CLK
High Pulse Width  Fast    RAMS64E/CLK  n/a            1.250         5.000       3.750      SLICE_X34Y8    U_RV32I_SYSTEM/U_DATA_MEM/U_DMEM/dmem_reg_0_255_0_0/RAMS64E_C/CLK
High Pulse Width  Slow    RAMS64E/CLK  n/a            1.250         5.000       3.750      SLICE_X34Y8    U_RV32I_SYSTEM/U_DATA_MEM/U_DMEM/dmem_reg_0_255_0_0/RAMS64E_D/CLK
High Pulse Width  Fast    RAMS64E/CLK  n/a            1.250         5.000       3.750      SLICE_X34Y8    U_RV32I_SYSTEM/U_DATA_MEM/U_DMEM/dmem_reg_0_255_0_0/RAMS64E_D/CLK
High Pulse Width  Slow    RAMS64E/CLK  n/a            1.250         5.000       3.750      SLICE_X46Y10   U_RV32I_SYSTEM/U_DATA_MEM/U_DMEM/dmem_reg_0_255_10_10/RAMS64E_A/CLK
High Pulse Width  Fast    RAMS64E/CLK  n/a            1.250         5.000       3.750      SLICE_X46Y10   U_RV32I_SYSTEM/U_DATA_MEM/U_DMEM/dmem_reg_0_255_10_10/RAMS64E_A/CLK



--------------------------------------------------------------------------------------
Path Group:  (none)
From Clock:  sys_clk_pin
  To Clock:  

Max Delay            28 Endpoints
Min Delay            28 Endpoints
--------------------------------------------------------------------------------------


Max Delay Paths
--------------------------------------------------------------------------------------
Slack:                    inf
  Source:                 U_RV32I_SYSTEM/U_APB_FND/fnd_odata_reg_reg[9]/C
                            (rising edge-triggered cell FDCE clocked by sys_clk_pin  {rise@0.000ns fall@5.000ns period=10.000ns})
  Destination:            seg[6]
                            (output port)
  Path Group:             (none)
  Path Type:              Max at Slow Process Corner
  Data Path Delay:        23.348ns  (logic 8.393ns (35.949%)  route 14.955ns (64.051%))
  Logic Levels:           17  (CARRY4=4 LUT3=3 LUT4=2 LUT5=3 LUT6=4 OBUF=1)
  Clock Uncertainty:      0.025ns  ((TSJ^2 + TIJ^2)^1/2 + DJ) / 2 + PE
    Total System Jitter     (TSJ):    0.050ns
    Total Input Jitter      (TIJ):    0.000ns
    Discrete Jitter          (DJ):    0.000ns
    Phase Error              (PE):    0.000ns

    Location             Delay type                Incr(ns)  Path(ns)    Netlist Resource(s)
  -------------------------------------------------------------------    -------------------
                         (clock sys_clk_pin rise edge)
                                                      0.000     0.000 r  <hidden>
    W5                                                0.000     0.000 r  clk
                         net (fo=0)                   0.000     0.000    clk
    W5                   IBUF (Prop_ibuf_I_O)         1.458     1.458 r  clk_IBUF_inst/O
                         net (fo=1, routed)           1.967     3.425    clk_IBUF
    BUFGCTRL_X0Y0        BUFG (Prop_bufg_I_O)         0.096     3.521 r  clk_IBUF_BUFG_inst/O
                         net (fo=2502, routed)        1.552     5.073    U_RV32I_SYSTEM/U_APB_FND/clk_IBUF_BUFG
    SLICE_X29Y21         FDCE                                         r  U_RV32I_SYSTEM/U_APB_FND/fnd_odata_reg_reg[9]/C
  -------------------------------------------------------------------    -------------------
    SLICE_X29Y21         FDCE (Prop_fdce_C_Q)         0.456     5.529 r  U_RV32I_SYSTEM/U_APB_FND/fnd_odata_reg_reg[9]/Q
                         net (fo=27, routed)          1.937     7.466    U_RV32I_SYSTEM/U_APB_FND/U_FND/U_DIGIT_SPL/Q[9]
    SLICE_X12Y14         LUT3 (Prop_lut3_I1_O)        0.124     7.590 r  U_RV32I_SYSTEM/U_APB_FND/U_FND/U_DIGIT_SPL/i___1_carry__1_i_10/O
                         net (fo=1, routed)           0.670     8.260    U_RV32I_SYSTEM/U_APB_FND/U_FND/U_DIGIT_SPL/i___1_carry__1_i_10_n_0
    SLICE_X12Y14         LUT5 (Prop_lut5_I4_O)        0.124     8.384 r  U_RV32I_SYSTEM/U_APB_FND/U_FND/U_DIGIT_SPL/i___1_carry__1_i_2/O
                         net (fo=2, routed)           0.606     8.990    U_RV32I_SYSTEM/U_APB_FND/U_FND/U_DIGIT_SPL/i___1_carry__1_i_2_n_0
    SLICE_X14Y13         LUT6 (Prop_lut6_I0_O)        0.124     9.114 r  U_RV32I_SYSTEM/U_APB_FND/U_FND/U_DIGIT_SPL/i___1_carry__1_i_6/O
                         net (fo=1, routed)           0.000     9.114    U_RV32I_SYSTEM/U_APB_FND/U_FND/U_DIGIT_SPL/i___1_carry__1_i_6_n_0
    SLICE_X14Y13         CARRY4 (Prop_carry4_S[2]_CO[3])
                                                      0.380     9.494 r  U_RV32I_SYSTEM/U_APB_FND/U_FND/U_DIGIT_SPL/digit_1000_inferred__0/i___1_carry__1/CO[3]
                         net (fo=1, routed)           0.000     9.494    U_RV32I_SYSTEM/U_APB_FND/U_FND/U_DIGIT_SPL/digit_1000_inferred__0/i___1_carry__1_n_0
    SLICE_X14Y14         CARRY4 (Prop_carry4_CI_O[3])
                                                      0.315     9.809 r  U_RV32I_SYSTEM/U_APB_FND/U_FND/U_DIGIT_SPL/digit_1000_inferred__0/i___1_carry__2/O[3]
                         net (fo=15, routed)          1.413    11.223    U_RV32I_SYSTEM/U_APB_FND/U_FND/U_DIGIT_SPL/digit_1000_inferred__0/i___1_carry__2_n_4
    SLICE_X12Y18         LUT3 (Prop_lut3_I2_O)        0.307    11.530 r  U_RV32I_SYSTEM/U_APB_FND/U_FND/U_DIGIT_SPL/i___50_carry__0_i_4/O
                         net (fo=1, routed)           0.500    12.030    U_RV32I_SYSTEM/U_APB_FND/U_FND/U_DIGIT_SPL/i___50_carry__0_i_4_n_0
    SLICE_X10Y18         CARRY4 (Prop_carry4_DI[0]_O[3])
                                                      0.642    12.672 r  U_RV32I_SYSTEM/U_APB_FND/U_FND/U_DIGIT_SPL/digit_1000_inferred__0/i___50_carry__0/O[3]
                         net (fo=3, routed)           0.673    13.344    U_RV32I_SYSTEM/U_APB_FND/U_FND/U_DIGIT_SPL/digit_1000_inferred__0/i___50_carry__0_n_4
    SLICE_X11Y18         LUT4 (Prop_lut4_I2_O)        0.307    13.651 r  U_RV32I_SYSTEM/U_APB_FND/U_FND/U_DIGIT_SPL/i___74_carry__1_i_5/O
                         net (fo=1, routed)           0.000    13.651    U_RV32I_SYSTEM/U_APB_FND/U_FND/U_DIGIT_SPL/i___74_carry__1_i_5_n_0
    SLICE_X11Y18         CARRY4 (Prop_carry4_S[1]_CO[2])
                                                      0.570    14.221 r  U_RV32I_SYSTEM/U_APB_FND/U_FND/U_DIGIT_SPL/digit_1000_inferred__0/i___74_carry__1/CO[2]
                         net (fo=5, routed)           0.827    15.048    U_RV32I_SYSTEM/U_APB_FND/U_FND/U_DIGIT_SPL/digit_1000_inferred__0/i___74_carry__1_n_1
    SLICE_X10Y16         LUT3 (Prop_lut3_I2_O)        0.335    15.383 r  U_RV32I_SYSTEM/U_APB_FND/U_FND/U_DIGIT_SPL/seg_OBUF[6]_inst_i_55/O
                         net (fo=4, routed)           0.346    15.730    U_RV32I_SYSTEM/U_APB_FND/U_FND/U_DIGIT_SPL/seg_OBUF[6]_inst_i_55_n_0
    SLICE_X13Y16         LUT6 (Prop_lut6_I2_O)        0.328    16.058 r  U_RV32I_SYSTEM/U_APB_FND/U_FND/U_DIGIT_SPL/seg_OBUF[6]_inst_i_45/O
                         net (fo=4, routed)           0.859    16.916    U_RV32I_SYSTEM/U_APB_FND/U_FND/U_DIGIT_SPL/digit_1000[4]
    SLICE_X12Y17         LUT5 (Prop_lut5_I4_O)        0.124    17.040 r  U_RV32I_SYSTEM/U_APB_FND/U_FND/U_DIGIT_SPL/seg_OBUF[6]_inst_i_44/O
                         net (fo=2, routed)           0.953    17.993    U_RV32I_SYSTEM/U_APB_FND/U_FND/U_DIGIT_SPL/seg_OBUF[6]_inst_i_44_n_0
    SLICE_X12Y16         LUT6 (Prop_lut6_I4_O)        0.124    18.117 f  U_RV32I_SYSTEM/U_APB_FND/U_FND/U_DIGIT_SPL/seg_OBUF[6]_inst_i_19/O
                         net (fo=8, routed)           1.181    19.298    U_RV32I_SYSTEM/U_APB_FND/U_FND/U_DIGIT_SPL/fnd_odata_reg_reg[13]
    SLICE_X8Y15          LUT6 (Prop_lut6_I2_O)        0.124    19.422 r  U_RV32I_SYSTEM/U_APB_FND/U_FND/U_DIGIT_SPL/seg_OBUF[6]_inst_i_10/O
                         net (fo=1, routed)           0.689    20.112    U_RV32I_SYSTEM/U_APB_FND/U_FND/U_COUNTER_4/seg_OBUF[0]_inst_i_1_7
    SLICE_X8Y15          LUT5 (Prop_lut5_I4_O)        0.124    20.236 r  U_RV32I_SYSTEM/U_APB_FND/U_FND/U_COUNTER_4/seg_OBUF[6]_inst_i_2/O
                         net (fo=7, routed)           0.889    21.125    U_RV32I_SYSTEM/U_APB_FND/U_FND/U_COUNTER_4/sel0[3]
    SLICE_X9Y15          LUT4 (Prop_lut4_I0_O)        0.152    21.277 r  U_RV32I_SYSTEM/U_APB_FND/U_FND/U_COUNTER_4/seg_OBUF[6]_inst_i_1/O
                         net (fo=1, routed)           3.411    24.688    seg_OBUF[6]
    U7                   OBUF (Prop_obuf_I_O)         3.733    28.421 r  seg_OBUF[6]_inst/O
                         net (fo=0)                   0.000    28.421    seg[6]
    U7                                                                r  seg[6]
  -------------------------------------------------------------------    -------------------

Slack:                    inf
  Source:                 U_RV32I_SYSTEM/U_APB_FND/fnd_odata_reg_reg[9]/C
                            (rising edge-triggered cell FDCE clocked by sys_clk_pin  {rise@0.000ns fall@5.000ns period=10.000ns})
  Destination:            seg[2]
                            (output port)
  Path Group:             (none)
  Path Type:              Max at Slow Process Corner
  Data Path Delay:        23.292ns  (logic 8.395ns (36.043%)  route 14.897ns (63.957%))
  Logic Levels:           17  (CARRY4=4 LUT3=3 LUT4=2 LUT5=3 LUT6=4 OBUF=1)
  Clock Uncertainty:      0.025ns  ((TSJ^2 + TIJ^2)^1/2 + DJ) / 2 + PE
    Total System Jitter     (TSJ):    0.050ns
    Total Input Jitter      (TIJ):    0.000ns
    Discrete Jitter          (DJ):    0.000ns
    Phase Error              (PE):    0.000ns

    Location             Delay type                Incr(ns)  Path(ns)    Netlist Resource(s)
  -------------------------------------------------------------------    -------------------
                         (clock sys_clk_pin rise edge)
                                                      0.000     0.000 r  <hidden>
    W5                                                0.000     0.000 r  clk
                         net (fo=0)                   0.000     0.000    clk
    W5                   IBUF (Prop_ibuf_I_O)         1.458     1.458 r  clk_IBUF_inst/O
                         net (fo=1, routed)           1.967     3.425    clk_IBUF
    BUFGCTRL_X0Y0        BUFG (Prop_bufg_I_O)         0.096     3.521 r  clk_IBUF_BUFG_inst/O
                         net (fo=2502, routed)        1.552     5.073    U_RV32I_SYSTEM/U_APB_FND/clk_IBUF_BUFG
    SLICE_X29Y21         FDCE                                         r  U_RV32I_SYSTEM/U_APB_FND/fnd_odata_reg_reg[9]/C
  -------------------------------------------------------------------    -------------------
    SLICE_X29Y21         FDCE (Prop_fdce_C_Q)         0.456     5.529 r  U_RV32I_SYSTEM/U_APB_FND/fnd_odata_reg_reg[9]/Q
                         net (fo=27, routed)          1.937     7.466    U_RV32I_SYSTEM/U_APB_FND/U_FND/U_DIGIT_SPL/Q[9]
    SLICE_X12Y14         LUT3 (Prop_lut3_I1_O)        0.124     7.590 r  U_RV32I_SYSTEM/U_APB_FND/U_FND/U_DIGIT_SPL/i___1_carry__1_i_10/O
                         net (fo=1, routed)           0.670     8.260    U_RV32I_SYSTEM/U_APB_FND/U_FND/U_DIGIT_SPL/i___1_carry__1_i_10_n_0
    SLICE_X12Y14         LUT5 (Prop_lut5_I4_O)        0.124     8.384 r  U_RV32I_SYSTEM/U_APB_FND/U_FND/U_DIGIT_SPL/i___1_carry__1_i_2/O
                         net (fo=2, routed)           0.606     8.990    U_RV32I_SYSTEM/U_APB_FND/U_FND/U_DIGIT_SPL/i___1_carry__1_i_2_n_0
    SLICE_X14Y13         LUT6 (Prop_lut6_I0_O)        0.124     9.114 r  U_RV32I_SYSTEM/U_APB_FND/U_FND/U_DIGIT_SPL/i___1_carry__1_i_6/O
                         net (fo=1, routed)           0.000     9.114    U_RV32I_SYSTEM/U_APB_FND/U_FND/U_DIGIT_SPL/i___1_carry__1_i_6_n_0
    SLICE_X14Y13         CARRY4 (Prop_carry4_S[2]_CO[3])
                                                      0.380     9.494 r  U_RV32I_SYSTEM/U_APB_FND/U_FND/U_DIGIT_SPL/digit_1000_inferred__0/i___1_carry__1/CO[3]
                         net (fo=1, routed)           0.000     9.494    U_RV32I_SYSTEM/U_APB_FND/U_FND/U_DIGIT_SPL/digit_1000_inferred__0/i___1_carry__1_n_0
    SLICE_X14Y14         CARRY4 (Prop_carry4_CI_O[3])
                                                      0.315     9.809 r  U_RV32I_SYSTEM/U_APB_FND/U_FND/U_DIGIT_SPL/digit_1000_inferred__0/i___1_carry__2/O[3]
                         net (fo=15, routed)          1.413    11.223    U_RV32I_SYSTEM/U_APB_FND/U_FND/U_DIGIT_SPL/digit_1000_inferred__0/i___1_carry__2_n_4
    SLICE_X12Y18         LUT3 (Prop_lut3_I2_O)        0.307    11.530 r  U_RV32I_SYSTEM/U_APB_FND/U_FND/U_DIGIT_SPL/i___50_carry__0_i_4/O
                         net (fo=1, routed)           0.500    12.030    U_RV32I_SYSTEM/U_APB_FND/U_FND/U_DIGIT_SPL/i___50_carry__0_i_4_n_0
    SLICE_X10Y18         CARRY4 (Prop_carry4_DI[0]_O[3])
                                                      0.642    12.672 r  U_RV32I_SYSTEM/U_APB_FND/U_FND/U_DIGIT_SPL/digit_1000_inferred__0/i___50_carry__0/O[3]
                         net (fo=3, routed)           0.673    13.344    U_RV32I_SYSTEM/U_APB_FND/U_FND/U_DIGIT_SPL/digit_1000_inferred__0/i___50_carry__0_n_4
    SLICE_X11Y18         LUT4 (Prop_lut4_I2_O)        0.307    13.651 r  U_RV32I_SYSTEM/U_APB_FND/U_FND/U_DIGIT_SPL/i___74_carry__1_i_5/O
                         net (fo=1, routed)           0.000    13.651    U_RV32I_SYSTEM/U_APB_FND/U_FND/U_DIGIT_SPL/i___74_carry__1_i_5_n_0
    SLICE_X11Y18         CARRY4 (Prop_carry4_S[1]_CO[2])
                                                      0.570    14.221 r  U_RV32I_SYSTEM/U_APB_FND/U_FND/U_DIGIT_SPL/digit_1000_inferred__0/i___74_carry__1/CO[2]
                         net (fo=5, routed)           0.827    15.048    U_RV32I_SYSTEM/U_APB_FND/U_FND/U_DIGIT_SPL/digit_1000_inferred__0/i___74_carry__1_n_1
    SLICE_X10Y16         LUT3 (Prop_lut3_I2_O)        0.335    15.383 r  U_RV32I_SYSTEM/U_APB_FND/U_FND/U_DIGIT_SPL/seg_OBUF[6]_inst_i_55/O
                         net (fo=4, routed)           0.346    15.730    U_RV32I_SYSTEM/U_APB_FND/U_FND/U_DIGIT_SPL/seg_OBUF[6]_inst_i_55_n_0
    SLICE_X13Y16         LUT6 (Prop_lut6_I2_O)        0.328    16.058 r  U_RV32I_SYSTEM/U_APB_FND/U_FND/U_DIGIT_SPL/seg_OBUF[6]_inst_i_45/O
                         net (fo=4, routed)           0.859    16.916    U_RV32I_SYSTEM/U_APB_FND/U_FND/U_DIGIT_SPL/digit_1000[4]
    SLICE_X12Y17         LUT5 (Prop_lut5_I4_O)        0.124    17.040 r  U_RV32I_SYSTEM/U_APB_FND/U_FND/U_DIGIT_SPL/seg_OBUF[6]_inst_i_44/O
                         net (fo=2, routed)           0.953    17.993    U_RV32I_SYSTEM/U_APB_FND/U_FND/U_DIGIT_SPL/seg_OBUF[6]_inst_i_44_n_0
    SLICE_X12Y16         LUT6 (Prop_lut6_I4_O)        0.124    18.117 f  U_RV32I_SYSTEM/U_APB_FND/U_FND/U_DIGIT_SPL/seg_OBUF[6]_inst_i_19/O
                         net (fo=8, routed)           1.181    19.298    U_RV32I_SYSTEM/U_APB_FND/U_FND/U_DIGIT_SPL/fnd_odata_reg_reg[13]
    SLICE_X8Y15          LUT6 (Prop_lut6_I2_O)        0.124    19.422 r  U_RV32I_SYSTEM/U_APB_FND/U_FND/U_DIGIT_SPL/seg_OBUF[6]_inst_i_10/O
                         net (fo=1, routed)           0.689    20.112    U_RV32I_SYSTEM/U_APB_FND/U_FND/U_COUNTER_4/seg_OBUF[0]_inst_i_1_7
    SLICE_X8Y15          LUT5 (Prop_lut5_I4_O)        0.124    20.236 r  U_RV32I_SYSTEM/U_APB_FND/U_FND/U_COUNTER_4/seg_OBUF[6]_inst_i_2/O
                         net (fo=7, routed)           0.825    21.061    U_RV32I_SYSTEM/U_APB_FND/U_FND/U_COUNTER_4/sel0[3]
    SLICE_X9Y16          LUT4 (Prop_lut4_I1_O)        0.150    21.211 r  U_RV32I_SYSTEM/U_APB_FND/U_FND/U_COUNTER_4/seg_OBUF[2]_inst_i_1/O
                         net (fo=1, routed)           3.417    24.628    seg_OBUF[2]
    U8                   OBUF (Prop_obuf_I_O)         3.737    28.365 r  seg_OBUF[2]_inst/O
                         net (fo=0)                   0.000    28.365    seg[2]
    U8                                                                r  seg[2]
  -------------------------------------------------------------------    -------------------

Slack:                    inf
  Source:                 U_RV32I_SYSTEM/U_APB_FND/fnd_odata_reg_reg[9]/C
                            (rising edge-triggered cell FDCE clocked by sys_clk_pin  {rise@0.000ns fall@5.000ns period=10.000ns})
  Destination:            seg[1]
                            (output port)
  Path Group:             (none)
  Path Type:              Max at Slow Process Corner
  Data Path Delay:        23.194ns  (logic 8.161ns (35.187%)  route 15.032ns (64.813%))
  Logic Levels:           17  (CARRY4=4 LUT3=3 LUT4=2 LUT5=3 LUT6=4 OBUF=1)
  Clock Uncertainty:      0.025ns  ((TSJ^2 + TIJ^2)^1/2 + DJ) / 2 + PE
    Total System Jitter     (TSJ):    0.050ns
    Total Input Jitter      (TIJ):    0.000ns
    Discrete Jitter          (DJ):    0.000ns
    Phase Error              (PE):    0.000ns

    Location             Delay type                Incr(ns)  Path(ns)    Netlist Resource(s)
  -------------------------------------------------------------------    -------------------
                         (clock sys_clk_pin rise edge)
                                                      0.000     0.000 r  <hidden>
    W5                                                0.000     0.000 r  clk
                         net (fo=0)                   0.000     0.000    clk
    W5                   IBUF (Prop_ibuf_I_O)         1.458     1.458 r  clk_IBUF_inst/O
                         net (fo=1, routed)           1.967     3.425    clk_IBUF
    BUFGCTRL_X0Y0        BUFG (Prop_bufg_I_O)         0.096     3.521 r  clk_IBUF_BUFG_inst/O
                         net (fo=2502, routed)        1.552     5.073    U_RV32I_SYSTEM/U_APB_FND/clk_IBUF_BUFG
    SLICE_X29Y21         FDCE                                         r  U_RV32I_SYSTEM/U_APB_FND/fnd_odata_reg_reg[9]/C
  -------------------------------------------------------------------    -------------------
    SLICE_X29Y21         FDCE (Prop_fdce_C_Q)         0.456     5.529 r  U_RV32I_SYSTEM/U_APB_FND/fnd_odata_reg_reg[9]/Q
                         net (fo=27, routed)          1.937     7.466    U_RV32I_SYSTEM/U_APB_FND/U_FND/U_DIGIT_SPL/Q[9]
    SLICE_X12Y14         LUT3 (Prop_lut3_I1_O)        0.124     7.590 r  U_RV32I_SYSTEM/U_APB_FND/U_FND/U_DIGIT_SPL/i___1_carry__1_i_10/O
                         net (fo=1, routed)           0.670     8.260    U_RV32I_SYSTEM/U_APB_FND/U_FND/U_DIGIT_SPL/i___1_carry__1_i_10_n_0
    SLICE_X12Y14         LUT5 (Prop_lut5_I4_O)        0.124     8.384 r  U_RV32I_SYSTEM/U_APB_FND/U_FND/U_DIGIT_SPL/i___1_carry__1_i_2/O
                         net (fo=2, routed)           0.606     8.990    U_RV32I_SYSTEM/U_APB_FND/U_FND/U_DIGIT_SPL/i___1_carry__1_i_2_n_0
    SLICE_X14Y13         LUT6 (Prop_lut6_I0_O)        0.124     9.114 r  U_RV32I_SYSTEM/U_APB_FND/U_FND/U_DIGIT_SPL/i___1_carry__1_i_6/O
                         net (fo=1, routed)           0.000     9.114    U_RV32I_SYSTEM/U_APB_FND/U_FND/U_DIGIT_SPL/i___1_carry__1_i_6_n_0
    SLICE_X14Y13         CARRY4 (Prop_carry4_S[2]_CO[3])
                                                      0.380     9.494 r  U_RV32I_SYSTEM/U_APB_FND/U_FND/U_DIGIT_SPL/digit_1000_inferred__0/i___1_carry__1/CO[3]
                         net (fo=1, routed)           0.000     9.494    U_RV32I_SYSTEM/U_APB_FND/U_FND/U_DIGIT_SPL/digit_1000_inferred__0/i___1_carry__1_n_0
    SLICE_X14Y14         CARRY4 (Prop_carry4_CI_O[3])
                                                      0.315     9.809 r  U_RV32I_SYSTEM/U_APB_FND/U_FND/U_DIGIT_SPL/digit_1000_inferred__0/i___1_carry__2/O[3]
                         net (fo=15, routed)          1.413    11.223    U_RV32I_SYSTEM/U_APB_FND/U_FND/U_DIGIT_SPL/digit_1000_inferred__0/i___1_carry__2_n_4
    SLICE_X12Y18         LUT3 (Prop_lut3_I2_O)        0.307    11.530 r  U_RV32I_SYSTEM/U_APB_FND/U_FND/U_DIGIT_SPL/i___50_carry__0_i_4/O
                         net (fo=1, routed)           0.500    12.030    U_RV32I_SYSTEM/U_APB_FND/U_FND/U_DIGIT_SPL/i___50_carry__0_i_4_n_0
    SLICE_X10Y18         CARRY4 (Prop_carry4_DI[0]_O[3])
                                                      0.642    12.672 r  U_RV32I_SYSTEM/U_APB_FND/U_FND/U_DIGIT_SPL/digit_1000_inferred__0/i___50_carry__0/O[3]
                         net (fo=3, routed)           0.673    13.344    U_RV32I_SYSTEM/U_APB_FND/U_FND/U_DIGIT_SPL/digit_1000_inferred__0/i___50_carry__0_n_4
    SLICE_X11Y18         LUT4 (Prop_lut4_I2_O)        0.307    13.651 r  U_RV32I_SYSTEM/U_APB_FND/U_FND/U_DIGIT_SPL/i___74_carry__1_i_5/O
                         net (fo=1, routed)           0.000    13.651    U_RV32I_SYSTEM/U_APB_FND/U_FND/U_DIGIT_SPL/i___74_carry__1_i_5_n_0
    SLICE_X11Y18         CARRY4 (Prop_carry4_S[1]_CO[2])
                                                      0.570    14.221 r  U_RV32I_SYSTEM/U_APB_FND/U_FND/U_DIGIT_SPL/digit_1000_inferred__0/i___74_carry__1/CO[2]
                         net (fo=5, routed)           0.827    15.048    U_RV32I_SYSTEM/U_APB_FND/U_FND/U_DIGIT_SPL/digit_1000_inferred__0/i___74_carry__1_n_1
    SLICE_X10Y16         LUT3 (Prop_lut3_I2_O)        0.335    15.383 r  U_RV32I_SYSTEM/U_APB_FND/U_FND/U_DIGIT_SPL/seg_OBUF[6]_inst_i_55/O
                         net (fo=4, routed)           0.346    15.730    U_RV32I_SYSTEM/U_APB_FND/U_FND/U_DIGIT_SPL/seg_OBUF[6]_inst_i_55_n_0
    SLICE_X13Y16         LUT6 (Prop_lut6_I2_O)        0.328    16.058 r  U_RV32I_SYSTEM/U_APB_FND/U_FND/U_DIGIT_SPL/seg_OBUF[6]_inst_i_45/O
                         net (fo=4, routed)           0.859    16.916    U_RV32I_SYSTEM/U_APB_FND/U_FND/U_DIGIT_SPL/digit_1000[4]
    SLICE_X12Y17         LUT5 (Prop_lut5_I4_O)        0.124    17.040 r  U_RV32I_SYSTEM/U_APB_FND/U_FND/U_DIGIT_SPL/seg_OBUF[6]_inst_i_44/O
                         net (fo=2, routed)           0.953    17.993    U_RV32I_SYSTEM/U_APB_FND/U_FND/U_DIGIT_SPL/seg_OBUF[6]_inst_i_44_n_0
    SLICE_X12Y16         LUT6 (Prop_lut6_I4_O)        0.124    18.117 f  U_RV32I_SYSTEM/U_APB_FND/U_FND/U_DIGIT_SPL/seg_OBUF[6]_inst_i_19/O
                         net (fo=8, routed)           1.181    19.298    U_RV32I_SYSTEM/U_APB_FND/U_FND/U_DIGIT_SPL/fnd_odata_reg_reg[13]
    SLICE_X8Y15          LUT6 (Prop_lut6_I2_O)        0.124    19.422 r  U_RV32I_SYSTEM/U_APB_FND/U_FND/U_DIGIT_SPL/seg_OBUF[6]_inst_i_10/O
                         net (fo=1, routed)           0.689    20.112    U_RV32I_SYSTEM/U_APB_FND/U_FND/U_COUNTER_4/seg_OBUF[0]_inst_i_1_7
    SLICE_X8Y15          LUT5 (Prop_lut5_I4_O)        0.124    20.236 r  U_RV32I_SYSTEM/U_APB_FND/U_FND/U_COUNTER_4/seg_OBUF[6]_inst_i_2/O
                         net (fo=7, routed)           0.825    21.061    U_RV32I_SYSTEM/U_APB_FND/U_FND/U_COUNTER_4/sel0[3]
    SLICE_X9Y16          LUT4 (Prop_lut4_I1_O)        0.124    21.185 r  U_RV32I_SYSTEM/U_APB_FND/U_FND/U_COUNTER_4/seg_OBUF[1]_inst_i_1/O
                         net (fo=1, routed)           3.553    24.738    seg_OBUF[1]
    W6                   OBUF (Prop_obuf_I_O)         3.529    28.267 r  seg_OBUF[1]_inst/O
                         net (fo=0)                   0.000    28.267    seg[1]
    W6                                                                r  seg[1]
  -------------------------------------------------------------------    -------------------

Slack:                    inf
  Source:                 U_RV32I_SYSTEM/U_APB_FND/fnd_odata_reg_reg[9]/C
                            (rising edge-triggered cell FDCE clocked by sys_clk_pin  {rise@0.000ns fall@5.000ns period=10.000ns})
  Destination:            seg[4]
                            (output port)
  Path Group:             (none)
  Path Type:              Max at Slow Process Corner
  Data Path Delay:        23.038ns  (logic 8.152ns (35.384%)  route 14.886ns (64.616%))
  Logic Levels:           17  (CARRY4=4 LUT3=3 LUT4=2 LUT5=2 LUT6=5 OBUF=1)
  Clock Uncertainty:      0.025ns  ((TSJ^2 + TIJ^2)^1/2 + DJ) / 2 + PE
    Total System Jitter     (TSJ):    0.050ns
    Total Input Jitter      (TIJ):    0.000ns
    Discrete Jitter          (DJ):    0.000ns
    Phase Error              (PE):    0.000ns

    Location             Delay type                Incr(ns)  Path(ns)    Netlist Resource(s)
  -------------------------------------------------------------------    -------------------
                         (clock sys_clk_pin rise edge)
                                                      0.000     0.000 r  <hidden>
    W5                                                0.000     0.000 r  clk
                         net (fo=0)                   0.000     0.000    clk
    W5                   IBUF (Prop_ibuf_I_O)         1.458     1.458 r  clk_IBUF_inst/O
                         net (fo=1, routed)           1.967     3.425    clk_IBUF
    BUFGCTRL_X0Y0        BUFG (Prop_bufg_I_O)         0.096     3.521 r  clk_IBUF_BUFG_inst/O
                         net (fo=2502, routed)        1.552     5.073    U_RV32I_SYSTEM/U_APB_FND/clk_IBUF_BUFG
    SLICE_X29Y21         FDCE                                         r  U_RV32I_SYSTEM/U_APB_FND/fnd_odata_reg_reg[9]/C
  -------------------------------------------------------------------    -------------------
    SLICE_X29Y21         FDCE (Prop_fdce_C_Q)         0.456     5.529 r  U_RV32I_SYSTEM/U_APB_FND/fnd_odata_reg_reg[9]/Q
                         net (fo=27, routed)          1.937     7.466    U_RV32I_SYSTEM/U_APB_FND/U_FND/U_DIGIT_SPL/Q[9]
    SLICE_X12Y14         LUT3 (Prop_lut3_I1_O)        0.124     7.590 r  U_RV32I_SYSTEM/U_APB_FND/U_FND/U_DIGIT_SPL/i___1_carry__1_i_10/O
                         net (fo=1, routed)           0.670     8.260    U_RV32I_SYSTEM/U_APB_FND/U_FND/U_DIGIT_SPL/i___1_carry__1_i_10_n_0
    SLICE_X12Y14         LUT5 (Prop_lut5_I4_O)        0.124     8.384 r  U_RV32I_SYSTEM/U_APB_FND/U_FND/U_DIGIT_SPL/i___1_carry__1_i_2/O
                         net (fo=2, routed)           0.606     8.990    U_RV32I_SYSTEM/U_APB_FND/U_FND/U_DIGIT_SPL/i___1_carry__1_i_2_n_0
    SLICE_X14Y13         LUT6 (Prop_lut6_I0_O)        0.124     9.114 r  U_RV32I_SYSTEM/U_APB_FND/U_FND/U_DIGIT_SPL/i___1_carry__1_i_6/O
                         net (fo=1, routed)           0.000     9.114    U_RV32I_SYSTEM/U_APB_FND/U_FND/U_DIGIT_SPL/i___1_carry__1_i_6_n_0
    SLICE_X14Y13         CARRY4 (Prop_carry4_S[2]_CO[3])
                                                      0.380     9.494 r  U_RV32I_SYSTEM/U_APB_FND/U_FND/U_DIGIT_SPL/digit_1000_inferred__0/i___1_carry__1/CO[3]
                         net (fo=1, routed)           0.000     9.494    U_RV32I_SYSTEM/U_APB_FND/U_FND/U_DIGIT_SPL/digit_1000_inferred__0/i___1_carry__1_n_0
    SLICE_X14Y14         CARRY4 (Prop_carry4_CI_O[3])
                                                      0.315     9.809 r  U_RV32I_SYSTEM/U_APB_FND/U_FND/U_DIGIT_SPL/digit_1000_inferred__0/i___1_carry__2/O[3]
                         net (fo=15, routed)          1.413    11.223    U_RV32I_SYSTEM/U_APB_FND/U_FND/U_DIGIT_SPL/digit_1000_inferred__0/i___1_carry__2_n_4
    SLICE_X12Y18         LUT3 (Prop_lut3_I2_O)        0.307    11.530 r  U_RV32I_SYSTEM/U_APB_FND/U_FND/U_DIGIT_SPL/i___50_carry__0_i_4/O
                         net (fo=1, routed)           0.500    12.030    U_RV32I_SYSTEM/U_APB_FND/U_FND/U_DIGIT_SPL/i___50_carry__0_i_4_n_0
    SLICE_X10Y18         CARRY4 (Prop_carry4_DI[0]_O[3])
                                                      0.642    12.672 r  U_RV32I_SYSTEM/U_APB_FND/U_FND/U_DIGIT_SPL/digit_1000_inferred__0/i___50_carry__0/O[3]
                         net (fo=3, routed)           0.673    13.344    U_RV32I_SYSTEM/U_APB_FND/U_FND/U_DIGIT_SPL/digit_1000_inferred__0/i___50_carry__0_n_4
    SLICE_X11Y18         LUT4 (Prop_lut4_I2_O)        0.307    13.651 r  U_RV32I_SYSTEM/U_APB_FND/U_FND/U_DIGIT_SPL/i___74_carry__1_i_5/O
                         net (fo=1, routed)           0.000    13.651    U_RV32I_SYSTEM/U_APB_FND/U_FND/U_DIGIT_SPL/i___74_carry__1_i_5_n_0
    SLICE_X11Y18         CARRY4 (Prop_carry4_S[1]_CO[2])
                                                      0.570    14.221 r  U_RV32I_SYSTEM/U_APB_FND/U_FND/U_DIGIT_SPL/digit_1000_inferred__0/i___74_carry__1/CO[2]
                         net (fo=5, routed)           0.827    15.048    U_RV32I_SYSTEM/U_APB_FND/U_FND/U_DIGIT_SPL/digit_1000_inferred__0/i___74_carry__1_n_1
    SLICE_X10Y16         LUT3 (Prop_lut3_I2_O)        0.335    15.383 r  U_RV32I_SYSTEM/U_APB_FND/U_FND/U_DIGIT_SPL/seg_OBUF[6]_inst_i_55/O
                         net (fo=4, routed)           0.861    16.245    U_RV32I_SYSTEM/U_APB_FND/U_FND/U_DIGIT_SPL/seg_OBUF[6]_inst_i_55_n_0
    SLICE_X12Y16         LUT5 (Prop_lut5_I2_O)        0.328    16.573 r  U_RV32I_SYSTEM/U_APB_FND/U_FND/U_DIGIT_SPL/seg_OBUF[6]_inst_i_43/O
                         net (fo=3, routed)           0.610    17.183    U_RV32I_SYSTEM/U_APB_FND/U_FND/U_DIGIT_SPL/digit_1000[3]
    SLICE_X12Y17         LUT6 (Prop_lut6_I5_O)        0.124    17.307 r  U_RV32I_SYSTEM/U_APB_FND/U_FND/U_DIGIT_SPL/seg_OBUF[6]_inst_i_42/O
                         net (fo=3, routed)           0.444    17.751    U_RV32I_SYSTEM/U_APB_FND/U_FND/U_DIGIT_SPL/seg_OBUF[6]_inst_i_42_n_0
    SLICE_X12Y16         LUT6 (Prop_lut6_I5_O)        0.124    17.875 r  U_RV32I_SYSTEM/U_APB_FND/U_FND/U_DIGIT_SPL/seg_OBUF[6]_inst_i_35/O
                         net (fo=6, routed)           1.167    19.042    U_RV32I_SYSTEM/U_APB_FND/U_FND/U_DIGIT_SPL/seg_OBUF[6]_inst_i_35_n_0
    SLICE_X9Y15          LUT6 (Prop_lut6_I5_O)        0.124    19.166 r  U_RV32I_SYSTEM/U_APB_FND/U_FND/U_DIGIT_SPL/seg_OBUF[6]_inst_i_23/O
                         net (fo=1, routed)           0.806    19.972    U_RV32I_SYSTEM/U_APB_FND/U_FND/U_COUNTER_4/seg_OBUF[0]_inst_i_1_0
    SLICE_X9Y14          LUT6 (Prop_lut6_I2_O)        0.124    20.096 r  U_RV32I_SYSTEM/U_APB_FND/U_FND/U_COUNTER_4/seg_OBUF[6]_inst_i_5/O
                         net (fo=7, routed)           0.976    21.072    U_RV32I_SYSTEM/U_APB_FND/U_FND/U_COUNTER_4/sel0[2]
    SLICE_X9Y16          LUT4 (Prop_lut4_I3_O)        0.124    21.196 r  U_RV32I_SYSTEM/U_APB_FND/U_FND/U_COUNTER_4/seg_OBUF[4]_inst_i_1/O
                         net (fo=1, routed)           3.395    24.592    seg_OBUF[4]
    U5                   OBUF (Prop_obuf_I_O)         3.520    28.111 r  seg_OBUF[4]_inst/O
                         net (fo=0)                   0.000    28.111    seg[4]
    U5                                                                r  seg[4]
  -------------------------------------------------------------------    -------------------

Slack:                    inf
  Source:                 U_RV32I_SYSTEM/U_APB_FND/fnd_odata_reg_reg[9]/C
                            (rising edge-triggered cell FDCE clocked by sys_clk_pin  {rise@0.000ns fall@5.000ns period=10.000ns})
  Destination:            seg[0]
                            (output port)
  Path Group:             (none)
  Path Type:              Max at Slow Process Corner
  Data Path Delay:        23.024ns  (logic 8.377ns (36.383%)  route 14.647ns (63.617%))
  Logic Levels:           17  (CARRY4=4 LUT3=3 LUT4=2 LUT5=3 LUT6=4 OBUF=1)
  Clock Uncertainty:      0.025ns  ((TSJ^2 + TIJ^2)^1/2 + DJ) / 2 + PE
    Total System Jitter     (TSJ):    0.050ns
    Total Input Jitter      (TIJ):    0.000ns
    Discrete Jitter          (DJ):    0.000ns
    Phase Error              (PE):    0.000ns

    Location             Delay type                Incr(ns)  Path(ns)    Netlist Resource(s)
  -------------------------------------------------------------------    -------------------
                         (clock sys_clk_pin rise edge)
                                                      0.000     0.000 r  <hidden>
    W5                                                0.000     0.000 r  clk
                         net (fo=0)                   0.000     0.000    clk
    W5                   IBUF (Prop_ibuf_I_O)         1.458     1.458 r  clk_IBUF_inst/O
                         net (fo=1, routed)           1.967     3.425    clk_IBUF
    BUFGCTRL_X0Y0        BUFG (Prop_bufg_I_O)         0.096     3.521 r  clk_IBUF_BUFG_inst/O
                         net (fo=2502, routed)        1.552     5.073    U_RV32I_SYSTEM/U_APB_FND/clk_IBUF_BUFG
    SLICE_X29Y21         FDCE                                         r  U_RV32I_SYSTEM/U_APB_FND/fnd_odata_reg_reg[9]/C
  -------------------------------------------------------------------    -------------------
    SLICE_X29Y21         FDCE (Prop_fdce_C_Q)         0.456     5.529 r  U_RV32I_SYSTEM/U_APB_FND/fnd_odata_reg_reg[9]/Q
                         net (fo=27, routed)          1.937     7.466    U_RV32I_SYSTEM/U_APB_FND/U_FND/U_DIGIT_SPL/Q[9]
    SLICE_X12Y14         LUT3 (Prop_lut3_I1_O)        0.124     7.590 r  U_RV32I_SYSTEM/U_APB_FND/U_FND/U_DIGIT_SPL/i___1_carry__1_i_10/O
                         net (fo=1, routed)           0.670     8.260    U_RV32I_SYSTEM/U_APB_FND/U_FND/U_DIGIT_SPL/i___1_carry__1_i_10_n_0
    SLICE_X12Y14         LUT5 (Prop_lut5_I4_O)        0.124     8.384 r  U_RV32I_SYSTEM/U_APB_FND/U_FND/U_DIGIT_SPL/i___1_carry__1_i_2/O
                         net (fo=2, routed)           0.606     8.990    U_RV32I_SYSTEM/U_APB_FND/U_FND/U_DIGIT_SPL/i___1_carry__1_i_2_n_0
    SLICE_X14Y13         LUT6 (Prop_lut6_I0_O)        0.124     9.114 r  U_RV32I_SYSTEM/U_APB_FND/U_FND/U_DIGIT_SPL/i___1_carry__1_i_6/O
                         net (fo=1, routed)           0.000     9.114    U_RV32I_SYSTEM/U_APB_FND/U_FND/U_DIGIT_SPL/i___1_carry__1_i_6_n_0
    SLICE_X14Y13         CARRY4 (Prop_carry4_S[2]_CO[3])
                                                      0.380     9.494 r  U_RV32I_SYSTEM/U_APB_FND/U_FND/U_DIGIT_SPL/digit_1000_inferred__0/i___1_carry__1/CO[3]
                         net (fo=1, routed)           0.000     9.494    U_RV32I_SYSTEM/U_APB_FND/U_FND/U_DIGIT_SPL/digit_1000_inferred__0/i___1_carry__1_n_0
    SLICE_X14Y14         CARRY4 (Prop_carry4_CI_O[3])
                                                      0.315     9.809 r  U_RV32I_SYSTEM/U_APB_FND/U_FND/U_DIGIT_SPL/digit_1000_inferred__0/i___1_carry__2/O[3]
                         net (fo=15, routed)          1.413    11.223    U_RV32I_SYSTEM/U_APB_FND/U_FND/U_DIGIT_SPL/digit_1000_inferred__0/i___1_carry__2_n_4
    SLICE_X12Y18         LUT3 (Prop_lut3_I2_O)        0.307    11.530 r  U_RV32I_SYSTEM/U_APB_FND/U_FND/U_DIGIT_SPL/i___50_carry__0_i_4/O
                         net (fo=1, routed)           0.500    12.030    U_RV32I_SYSTEM/U_APB_FND/U_FND/U_DIGIT_SPL/i___50_carry__0_i_4_n_0
    SLICE_X10Y18         CARRY4 (Prop_carry4_DI[0]_O[3])
                                                      0.642    12.672 r  U_RV32I_SYSTEM/U_APB_FND/U_FND/U_DIGIT_SPL/digit_1000_inferred__0/i___50_carry__0/O[3]
                         net (fo=3, routed)           0.673    13.344    U_RV32I_SYSTEM/U_APB_FND/U_FND/U_DIGIT_SPL/digit_1000_inferred__0/i___50_carry__0_n_4
    SLICE_X11Y18         LUT4 (Prop_lut4_I2_O)        0.307    13.651 r  U_RV32I_SYSTEM/U_APB_FND/U_FND/U_DIGIT_SPL/i___74_carry__1_i_5/O
                         net (fo=1, routed)           0.000    13.651    U_RV32I_SYSTEM/U_APB_FND/U_FND/U_DIGIT_SPL/i___74_carry__1_i_5_n_0
    SLICE_X11Y18         CARRY4 (Prop_carry4_S[1]_CO[2])
                                                      0.570    14.221 r  U_RV32I_SYSTEM/U_APB_FND/U_FND/U_DIGIT_SPL/digit_1000_inferred__0/i___74_carry__1/CO[2]
                         net (fo=5, routed)           0.827    15.048    U_RV32I_SYSTEM/U_APB_FND/U_FND/U_DIGIT_SPL/digit_1000_inferred__0/i___74_carry__1_n_1
    SLICE_X10Y16         LUT3 (Prop_lut3_I2_O)        0.335    15.383 r  U_RV32I_SYSTEM/U_APB_FND/U_FND/U_DIGIT_SPL/seg_OBUF[6]_inst_i_55/O
                         net (fo=4, routed)           0.346    15.730    U_RV32I_SYSTEM/U_APB_FND/U_FND/U_DIGIT_SPL/seg_OBUF[6]_inst_i_55_n_0
    SLICE_X13Y16         LUT6 (Prop_lut6_I2_O)        0.328    16.058 r  U_RV32I_SYSTEM/U_APB_FND/U_FND/U_DIGIT_SPL/seg_OBUF[6]_inst_i_45/O
                         net (fo=4, routed)           0.859    16.916    U_RV32I_SYSTEM/U_APB_FND/U_FND/U_DIGIT_SPL/digit_1000[4]
    SLICE_X12Y17         LUT5 (Prop_lut5_I4_O)        0.124    17.040 r  U_RV32I_SYSTEM/U_APB_FND/U_FND/U_DIGIT_SPL/seg_OBUF[6]_inst_i_44/O
                         net (fo=2, routed)           0.953    17.993    U_RV32I_SYSTEM/U_APB_FND/U_FND/U_DIGIT_SPL/seg_OBUF[6]_inst_i_44_n_0
    SLICE_X12Y16         LUT6 (Prop_lut6_I4_O)        0.124    18.117 f  U_RV32I_SYSTEM/U_APB_FND/U_FND/U_DIGIT_SPL/seg_OBUF[6]_inst_i_19/O
                         net (fo=8, routed)           1.181    19.298    U_RV32I_SYSTEM/U_APB_FND/U_FND/U_DIGIT_SPL/fnd_odata_reg_reg[13]
    SLICE_X8Y15          LUT6 (Prop_lut6_I2_O)        0.124    19.422 r  U_RV32I_SYSTEM/U_APB_FND/U_FND/U_DIGIT_SPL/seg_OBUF[6]_inst_i_10/O
                         net (fo=1, routed)           0.689    20.112    U_RV32I_SYSTEM/U_APB_FND/U_FND/U_COUNTER_4/seg_OBUF[0]_inst_i_1_7
    SLICE_X8Y15          LUT5 (Prop_lut5_I4_O)        0.124    20.236 r  U_RV32I_SYSTEM/U_APB_FND/U_FND/U_COUNTER_4/seg_OBUF[6]_inst_i_2/O
                         net (fo=7, routed)           0.823    21.059    U_RV32I_SYSTEM/U_APB_FND/U_FND/U_COUNTER_4/sel0[3]
    SLICE_X9Y16          LUT4 (Prop_lut4_I2_O)        0.150    21.209 r  U_RV32I_SYSTEM/U_APB_FND/U_FND/U_COUNTER_4/seg_OBUF[0]_inst_i_1/O
                         net (fo=1, routed)           3.169    24.378    seg_OBUF[0]
    W7                   OBUF (Prop_obuf_I_O)         3.719    28.097 r  seg_OBUF[0]_inst/O
                         net (fo=0)                   0.000    28.097    seg[0]
    W7                                                                r  seg[0]
  -------------------------------------------------------------------    -------------------

Slack:                    inf
  Source:                 U_RV32I_SYSTEM/U_APB_FND/fnd_odata_reg_reg[9]/C
                            (rising edge-triggered cell FDCE clocked by sys_clk_pin  {rise@0.000ns fall@5.000ns period=10.000ns})
  Destination:            seg[5]
                            (output port)
  Path Group:             (none)
  Path Type:              Max at Slow Process Corner
  Data Path Delay:        23.014ns  (logic 8.136ns (35.354%)  route 14.878ns (64.646%))
  Logic Levels:           17  (CARRY4=4 LUT3=3 LUT4=2 LUT5=3 LUT6=4 OBUF=1)
  Clock Uncertainty:      0.025ns  ((TSJ^2 + TIJ^2)^1/2 + DJ) / 2 + PE
    Total System Jitter     (TSJ):    0.050ns
    Total Input Jitter      (TIJ):    0.000ns
    Discrete Jitter          (DJ):    0.000ns
    Phase Error              (PE):    0.000ns

    Location             Delay type                Incr(ns)  Path(ns)    Netlist Resource(s)
  -------------------------------------------------------------------    -------------------
                         (clock sys_clk_pin rise edge)
                                                      0.000     0.000 r  <hidden>
    W5                                                0.000     0.000 r  clk
                         net (fo=0)                   0.000     0.000    clk
    W5                   IBUF (Prop_ibuf_I_O)         1.458     1.458 r  clk_IBUF_inst/O
                         net (fo=1, routed)           1.967     3.425    clk_IBUF
    BUFGCTRL_X0Y0        BUFG (Prop_bufg_I_O)         0.096     3.521 r  clk_IBUF_BUFG_inst/O
                         net (fo=2502, routed)        1.552     5.073    U_RV32I_SYSTEM/U_APB_FND/clk_IBUF_BUFG
    SLICE_X29Y21         FDCE                                         r  U_RV32I_SYSTEM/U_APB_FND/fnd_odata_reg_reg[9]/C
  -------------------------------------------------------------------    -------------------
    SLICE_X29Y21         FDCE (Prop_fdce_C_Q)         0.456     5.529 r  U_RV32I_SYSTEM/U_APB_FND/fnd_odata_reg_reg[9]/Q
                         net (fo=27, routed)          1.937     7.466    U_RV32I_SYSTEM/U_APB_FND/U_FND/U_DIGIT_SPL/Q[9]
    SLICE_X12Y14         LUT3 (Prop_lut3_I1_O)        0.124     7.590 r  U_RV32I_SYSTEM/U_APB_FND/U_FND/U_DIGIT_SPL/i___1_carry__1_i_10/O
                         net (fo=1, routed)           0.670     8.260    U_RV32I_SYSTEM/U_APB_FND/U_FND/U_DIGIT_SPL/i___1_carry__1_i_10_n_0
    SLICE_X12Y14         LUT5 (Prop_lut5_I4_O)        0.124     8.384 r  U_RV32I_SYSTEM/U_APB_FND/U_FND/U_DIGIT_SPL/i___1_carry__1_i_2/O
                         net (fo=2, routed)           0.606     8.990    U_RV32I_SYSTEM/U_APB_FND/U_FND/U_DIGIT_SPL/i___1_carry__1_i_2_n_0
    SLICE_X14Y13         LUT6 (Prop_lut6_I0_O)        0.124     9.114 r  U_RV32I_SYSTEM/U_APB_FND/U_FND/U_DIGIT_SPL/i___1_carry__1_i_6/O
                         net (fo=1, routed)           0.000     9.114    U_RV32I_SYSTEM/U_APB_FND/U_FND/U_DIGIT_SPL/i___1_carry__1_i_6_n_0
    SLICE_X14Y13         CARRY4 (Prop_carry4_S[2]_CO[3])
                                                      0.380     9.494 r  U_RV32I_SYSTEM/U_APB_FND/U_FND/U_DIGIT_SPL/digit_1000_inferred__0/i___1_carry__1/CO[3]
                         net (fo=1, routed)           0.000     9.494    U_RV32I_SYSTEM/U_APB_FND/U_FND/U_DIGIT_SPL/digit_1000_inferred__0/i___1_carry__1_n_0
    SLICE_X14Y14         CARRY4 (Prop_carry4_CI_O[3])
                                                      0.315     9.809 r  U_RV32I_SYSTEM/U_APB_FND/U_FND/U_DIGIT_SPL/digit_1000_inferred__0/i___1_carry__2/O[3]
                         net (fo=15, routed)          1.413    11.223    U_RV32I_SYSTEM/U_APB_FND/U_FND/U_DIGIT_SPL/digit_1000_inferred__0/i___1_carry__2_n_4
    SLICE_X12Y18         LUT3 (Prop_lut3_I2_O)        0.307    11.530 r  U_RV32I_SYSTEM/U_APB_FND/U_FND/U_DIGIT_SPL/i___50_carry__0_i_4/O
                         net (fo=1, routed)           0.500    12.030    U_RV32I_SYSTEM/U_APB_FND/U_FND/U_DIGIT_SPL/i___50_carry__0_i_4_n_0
    SLICE_X10Y18         CARRY4 (Prop_carry4_DI[0]_O[3])
                                                      0.642    12.672 r  U_RV32I_SYSTEM/U_APB_FND/U_FND/U_DIGIT_SPL/digit_1000_inferred__0/i___50_carry__0/O[3]
                         net (fo=3, routed)           0.673    13.344    U_RV32I_SYSTEM/U_APB_FND/U_FND/U_DIGIT_SPL/digit_1000_inferred__0/i___50_carry__0_n_4
    SLICE_X11Y18         LUT4 (Prop_lut4_I2_O)        0.307    13.651 r  U_RV32I_SYSTEM/U_APB_FND/U_FND/U_DIGIT_SPL/i___74_carry__1_i_5/O
                         net (fo=1, routed)           0.000    13.651    U_RV32I_SYSTEM/U_APB_FND/U_FND/U_DIGIT_SPL/i___74_carry__1_i_5_n_0
    SLICE_X11Y18         CARRY4 (Prop_carry4_S[1]_CO[2])
                                                      0.570    14.221 r  U_RV32I_SYSTEM/U_APB_FND/U_FND/U_DIGIT_SPL/digit_1000_inferred__0/i___74_carry__1/CO[2]
                         net (fo=5, routed)           0.827    15.048    U_RV32I_SYSTEM/U_APB_FND/U_FND/U_DIGIT_SPL/digit_1000_inferred__0/i___74_carry__1_n_1
    SLICE_X10Y16         LUT3 (Prop_lut3_I2_O)        0.335    15.383 r  U_RV32I_SYSTEM/U_APB_FND/U_FND/U_DIGIT_SPL/seg_OBUF[6]_inst_i_55/O
                         net (fo=4, routed)           0.346    15.730    U_RV32I_SYSTEM/U_APB_FND/U_FND/U_DIGIT_SPL/seg_OBUF[6]_inst_i_55_n_0
    SLICE_X13Y16         LUT6 (Prop_lut6_I2_O)        0.328    16.058 r  U_RV32I_SYSTEM/U_APB_FND/U_FND/U_DIGIT_SPL/seg_OBUF[6]_inst_i_45/O
                         net (fo=4, routed)           0.859    16.916    U_RV32I_SYSTEM/U_APB_FND/U_FND/U_DIGIT_SPL/digit_1000[4]
    SLICE_X12Y17         LUT5 (Prop_lut5_I4_O)        0.124    17.040 r  U_RV32I_SYSTEM/U_APB_FND/U_FND/U_DIGIT_SPL/seg_OBUF[6]_inst_i_44/O
                         net (fo=2, routed)           0.953    17.993    U_RV32I_SYSTEM/U_APB_FND/U_FND/U_DIGIT_SPL/seg_OBUF[6]_inst_i_44_n_0
    SLICE_X12Y16         LUT6 (Prop_lut6_I4_O)        0.124    18.117 f  U_RV32I_SYSTEM/U_APB_FND/U_FND/U_DIGIT_SPL/seg_OBUF[6]_inst_i_19/O
                         net (fo=8, routed)           1.181    19.298    U_RV32I_SYSTEM/U_APB_FND/U_FND/U_DIGIT_SPL/fnd_odata_reg_reg[13]
    SLICE_X8Y15          LUT6 (Prop_lut6_I2_O)        0.124    19.422 r  U_RV32I_SYSTEM/U_APB_FND/U_FND/U_DIGIT_SPL/seg_OBUF[6]_inst_i_10/O
                         net (fo=1, routed)           0.689    20.112    U_RV32I_SYSTEM/U_APB_FND/U_FND/U_COUNTER_4/seg_OBUF[0]_inst_i_1_7
    SLICE_X8Y15          LUT5 (Prop_lut5_I4_O)        0.124    20.236 r  U_RV32I_SYSTEM/U_APB_FND/U_FND/U_COUNTER_4/seg_OBUF[6]_inst_i_2/O
                         net (fo=7, routed)           0.889    21.125    U_RV32I_SYSTEM/U_APB_FND/U_FND/U_COUNTER_4/sel0[3]
    SLICE_X9Y15          LUT4 (Prop_lut4_I0_O)        0.124    21.249 r  U_RV32I_SYSTEM/U_APB_FND/U_FND/U_COUNTER_4/seg_OBUF[5]_inst_i_1/O
                         net (fo=1, routed)           3.334    24.583    seg_OBUF[5]
    V5                   OBUF (Prop_obuf_I_O)         3.504    28.087 r  seg_OBUF[5]_inst/O
                         net (fo=0)                   0.000    28.087    seg[5]
    V5                                                                r  seg[5]
  -------------------------------------------------------------------    -------------------

Slack:                    inf
  Source:                 U_RV32I_SYSTEM/U_APB_FND/fnd_odata_reg_reg[9]/C
                            (rising edge-triggered cell FDCE clocked by sys_clk_pin  {rise@0.000ns fall@5.000ns period=10.000ns})
  Destination:            seg[3]
                            (output port)
  Path Group:             (none)
  Path Type:              Max at Slow Process Corner
  Data Path Delay:        22.897ns  (logic 8.168ns (35.672%)  route 14.729ns (64.328%))
  Logic Levels:           17  (CARRY4=4 LUT3=3 LUT4=2 LUT5=3 LUT6=4 OBUF=1)
  Clock Uncertainty:      0.025ns  ((TSJ^2 + TIJ^2)^1/2 + DJ) / 2 + PE
    Total System Jitter     (TSJ):    0.050ns
    Total Input Jitter      (TIJ):    0.000ns
    Discrete Jitter          (DJ):    0.000ns
    Phase Error              (PE):    0.000ns

    Location             Delay type                Incr(ns)  Path(ns)    Netlist Resource(s)
  -------------------------------------------------------------------    -------------------
                         (clock sys_clk_pin rise edge)
                                                      0.000     0.000 r  <hidden>
    W5                                                0.000     0.000 r  clk
                         net (fo=0)                   0.000     0.000    clk
    W5                   IBUF (Prop_ibuf_I_O)         1.458     1.458 r  clk_IBUF_inst/O
                         net (fo=1, routed)           1.967     3.425    clk_IBUF
    BUFGCTRL_X0Y0        BUFG (Prop_bufg_I_O)         0.096     3.521 r  clk_IBUF_BUFG_inst/O
                         net (fo=2502, routed)        1.552     5.073    U_RV32I_SYSTEM/U_APB_FND/clk_IBUF_BUFG
    SLICE_X29Y21         FDCE                                         r  U_RV32I_SYSTEM/U_APB_FND/fnd_odata_reg_reg[9]/C
  -------------------------------------------------------------------    -------------------
    SLICE_X29Y21         FDCE (Prop_fdce_C_Q)         0.456     5.529 r  U_RV32I_SYSTEM/U_APB_FND/fnd_odata_reg_reg[9]/Q
                         net (fo=27, routed)          1.937     7.466    U_RV32I_SYSTEM/U_APB_FND/U_FND/U_DIGIT_SPL/Q[9]
    SLICE_X12Y14         LUT3 (Prop_lut3_I1_O)        0.124     7.590 r  U_RV32I_SYSTEM/U_APB_FND/U_FND/U_DIGIT_SPL/i___1_carry__1_i_10/O
                         net (fo=1, routed)           0.670     8.260    U_RV32I_SYSTEM/U_APB_FND/U_FND/U_DIGIT_SPL/i___1_carry__1_i_10_n_0
    SLICE_X12Y14         LUT5 (Prop_lut5_I4_O)        0.124     8.384 r  U_RV32I_SYSTEM/U_APB_FND/U_FND/U_DIGIT_SPL/i___1_carry__1_i_2/O
                         net (fo=2, routed)           0.606     8.990    U_RV32I_SYSTEM/U_APB_FND/U_FND/U_DIGIT_SPL/i___1_carry__1_i_2_n_0
    SLICE_X14Y13         LUT6 (Prop_lut6_I0_O)        0.124     9.114 r  U_RV32I_SYSTEM/U_APB_FND/U_FND/U_DIGIT_SPL/i___1_carry__1_i_6/O
                         net (fo=1, routed)           0.000     9.114    U_RV32I_SYSTEM/U_APB_FND/U_FND/U_DIGIT_SPL/i___1_carry__1_i_6_n_0
    SLICE_X14Y13         CARRY4 (Prop_carry4_S[2]_CO[3])
                                                      0.380     9.494 r  U_RV32I_SYSTEM/U_APB_FND/U_FND/U_DIGIT_SPL/digit_1000_inferred__0/i___1_carry__1/CO[3]
                         net (fo=1, routed)           0.000     9.494    U_RV32I_SYSTEM/U_APB_FND/U_FND/U_DIGIT_SPL/digit_1000_inferred__0/i___1_carry__1_n_0
    SLICE_X14Y14         CARRY4 (Prop_carry4_CI_O[3])
                                                      0.315     9.809 r  U_RV32I_SYSTEM/U_APB_FND/U_FND/U_DIGIT_SPL/digit_1000_inferred__0/i___1_carry__2/O[3]
                         net (fo=15, routed)          1.413    11.223    U_RV32I_SYSTEM/U_APB_FND/U_FND/U_DIGIT_SPL/digit_1000_inferred__0/i___1_carry__2_n_4
    SLICE_X12Y18         LUT3 (Prop_lut3_I2_O)        0.307    11.530 r  U_RV32I_SYSTEM/U_APB_FND/U_FND/U_DIGIT_SPL/i___50_carry__0_i_4/O
                         net (fo=1, routed)           0.500    12.030    U_RV32I_SYSTEM/U_APB_FND/U_FND/U_DIGIT_SPL/i___50_carry__0_i_4_n_0
    SLICE_X10Y18         CARRY4 (Prop_carry4_DI[0]_O[3])
                                                      0.642    12.672 r  U_RV32I_SYSTEM/U_APB_FND/U_FND/U_DIGIT_SPL/digit_1000_inferred__0/i___50_carry__0/O[3]
                         net (fo=3, routed)           0.673    13.344    U_RV32I_SYSTEM/U_APB_FND/U_FND/U_DIGIT_SPL/digit_1000_inferred__0/i___50_carry__0_n_4
    SLICE_X11Y18         LUT4 (Prop_lut4_I2_O)        0.307    13.651 r  U_RV32I_SYSTEM/U_APB_FND/U_FND/U_DIGIT_SPL/i___74_carry__1_i_5/O
                         net (fo=1, routed)           0.000    13.651    U_RV32I_SYSTEM/U_APB_FND/U_FND/U_DIGIT_SPL/i___74_carry__1_i_5_n_0
    SLICE_X11Y18         CARRY4 (Prop_carry4_S[1]_CO[2])
                                                      0.570    14.221 r  U_RV32I_SYSTEM/U_APB_FND/U_FND/U_DIGIT_SPL/digit_1000_inferred__0/i___74_carry__1/CO[2]
                         net (fo=5, routed)           0.827    15.048    U_RV32I_SYSTEM/U_APB_FND/U_FND/U_DIGIT_SPL/digit_1000_inferred__0/i___74_carry__1_n_1
    SLICE_X10Y16         LUT3 (Prop_lut3_I2_O)        0.335    15.383 r  U_RV32I_SYSTEM/U_APB_FND/U_FND/U_DIGIT_SPL/seg_OBUF[6]_inst_i_55/O
                         net (fo=4, routed)           0.346    15.730    U_RV32I_SYSTEM/U_APB_FND/U_FND/U_DIGIT_SPL/seg_OBUF[6]_inst_i_55_n_0
    SLICE_X13Y16         LUT6 (Prop_lut6_I2_O)        0.328    16.058 r  U_RV32I_SYSTEM/U_APB_FND/U_FND/U_DIGIT_SPL/seg_OBUF[6]_inst_i_45/O
                         net (fo=4, routed)           0.859    16.916    U_RV32I_SYSTEM/U_APB_FND/U_FND/U_DIGIT_SPL/digit_1000[4]
    SLICE_X12Y17         LUT5 (Prop_lut5_I4_O)        0.124    17.040 r  U_RV32I_SYSTEM/U_APB_FND/U_FND/U_DIGIT_SPL/seg_OBUF[6]_inst_i_44/O
                         net (fo=2, routed)           0.953    17.993    U_RV32I_SYSTEM/U_APB_FND/U_FND/U_DIGIT_SPL/seg_OBUF[6]_inst_i_44_n_0
    SLICE_X12Y16         LUT6 (Prop_lut6_I4_O)        0.124    18.117 f  U_RV32I_SYSTEM/U_APB_FND/U_FND/U_DIGIT_SPL/seg_OBUF[6]_inst_i_19/O
                         net (fo=8, routed)           1.181    19.298    U_RV32I_SYSTEM/U_APB_FND/U_FND/U_DIGIT_SPL/fnd_odata_reg_reg[13]
    SLICE_X8Y15          LUT6 (Prop_lut6_I2_O)        0.124    19.422 r  U_RV32I_SYSTEM/U_APB_FND/U_FND/U_DIGIT_SPL/seg_OBUF[6]_inst_i_10/O
                         net (fo=1, routed)           0.689    20.112    U_RV32I_SYSTEM/U_APB_FND/U_FND/U_COUNTER_4/seg_OBUF[0]_inst_i_1_7
    SLICE_X8Y15          LUT5 (Prop_lut5_I4_O)        0.124    20.236 r  U_RV32I_SYSTEM/U_APB_FND/U_FND/U_COUNTER_4/seg_OBUF[6]_inst_i_2/O
                         net (fo=7, routed)           0.823    21.059    U_RV32I_SYSTEM/U_APB_FND/U_FND/U_COUNTER_4/sel0[3]
    SLICE_X9Y16          LUT4 (Prop_lut4_I2_O)        0.124    21.183 r  U_RV32I_SYSTEM/U_APB_FND/U_FND/U_COUNTER_4/seg_OBUF[3]_inst_i_1/O
                         net (fo=1, routed)           3.251    24.434    seg_OBUF[3]
    V8                   OBUF (Prop_obuf_I_O)         3.536    27.970 r  seg_OBUF[3]_inst/O
                         net (fo=0)                   0.000    27.970    seg[3]
    V8                                                                r  seg[3]
  -------------------------------------------------------------------    -------------------

Slack:                    inf
  Source:                 U_RV32I_SYSTEM/U_APB_FND/U_FND/U_COUNTER_4/counter_r_reg[1]/C
                            (rising edge-triggered cell FDCE clocked by sys_clk_pin  {rise@0.000ns fall@5.000ns period=10.000ns})
  Destination:            an[0]
                            (output port)
  Path Group:             (none)
  Path Type:              Max at Slow Process Corner
  Data Path Delay:        9.402ns  (logic 4.506ns (47.923%)  route 4.896ns (52.077%))
  Logic Levels:           2  (LUT2=1 OBUF=1)
  Clock Uncertainty:      0.025ns  ((TSJ^2 + TIJ^2)^1/2 + DJ) / 2 + PE
    Total System Jitter     (TSJ):    0.050ns
    Total Input Jitter      (TIJ):    0.000ns
    Discrete Jitter          (DJ):    0.000ns
    Phase Error              (PE):    0.000ns

    Location             Delay type                Incr(ns)  Path(ns)    Netlist Resource(s)
  -------------------------------------------------------------------    -------------------
                         (clock sys_clk_pin rise edge)
                                                      0.000     0.000 r  <hidden>
    W5                                                0.000     0.000 r  clk
                         net (fo=0)                   0.000     0.000    clk
    W5                   IBUF (Prop_ibuf_I_O)         1.458     1.458 r  clk_IBUF_inst/O
                         net (fo=1, routed)           1.967     3.425    clk_IBUF
    BUFGCTRL_X0Y0        BUFG (Prop_bufg_I_O)         0.096     3.521 r  clk_IBUF_BUFG_inst/O
                         net (fo=2502, routed)        1.565     5.086    U_RV32I_SYSTEM/U_APB_FND/U_FND/U_COUNTER_4/clk_IBUF_BUFG
    SLICE_X10Y12         FDCE                                         r  U_RV32I_SYSTEM/U_APB_FND/U_FND/U_COUNTER_4/counter_r_reg[1]/C
  -------------------------------------------------------------------    -------------------
    SLICE_X10Y12         FDCE (Prop_fdce_C_Q)         0.478     5.564 r  U_RV32I_SYSTEM/U_APB_FND/U_FND/U_COUNTER_4/counter_r_reg[1]/Q
                         net (fo=18, routed)          1.410     6.974    U_RV32I_SYSTEM/U_APB_FND/U_FND/U_COUNTER_4/counter_r_reg_n_0_[1]
    SLICE_X12Y15         LUT2 (Prop_lut2_I0_O)        0.321     7.295 r  U_RV32I_SYSTEM/U_APB_FND/U_FND/U_COUNTER_4/an_OBUF[0]_inst_i_1/O
                         net (fo=1, routed)           3.487    10.782    an_OBUF[0]
    U2                   OBUF (Prop_obuf_I_O)         3.707    14.489 r  an_OBUF[0]_inst/O
                         net (fo=0)                   0.000    14.489    an[0]
    U2                                                                r  an[0]
  -------------------------------------------------------------------    -------------------

Slack:                    inf
  Source:                 U_RV32I_SYSTEM/U_APB_UART/U_UART/U_UART_TX/tx_reg_reg/C
                            (rising edge-triggered cell FDPE clocked by sys_clk_pin  {rise@0.000ns fall@5.000ns period=10.000ns})
  Destination:            RsTx
                            (output port)
  Path Group:             (none)
  Path Type:              Max at Slow Process Corner
  Data Path Delay:        9.315ns  (logic 3.974ns (42.659%)  route 5.341ns (57.341%))
  Logic Levels:           1  (OBUF=1)
  Clock Uncertainty:      0.025ns  ((TSJ^2 + TIJ^2)^1/2 + DJ) / 2 + PE
    Total System Jitter     (TSJ):    0.050ns
    Total Input Jitter      (TIJ):    0.000ns
    Discrete Jitter          (DJ):    0.000ns
    Phase Error              (PE):    0.000ns

    Location             Delay type                Incr(ns)  Path(ns)    Netlist Resource(s)
  -------------------------------------------------------------------    -------------------
                         (clock sys_clk_pin rise edge)
                                                      0.000     0.000 r  <hidden>
    W5                                                0.000     0.000 r  clk
                         net (fo=0)                   0.000     0.000    clk
    W5                   IBUF (Prop_ibuf_I_O)         1.458     1.458 r  clk_IBUF_inst/O
                         net (fo=1, routed)           1.967     3.425    clk_IBUF
    BUFGCTRL_X0Y0        BUFG (Prop_bufg_I_O)         0.096     3.521 r  clk_IBUF_BUFG_inst/O
                         net (fo=2502, routed)        1.554     5.075    U_RV32I_SYSTEM/U_APB_UART/U_UART/U_UART_TX/clk_IBUF_BUFG
    SLICE_X28Y19         FDPE                                         r  U_RV32I_SYSTEM/U_APB_UART/U_UART/U_UART_TX/tx_reg_reg/C
  -------------------------------------------------------------------    -------------------
    SLICE_X28Y19         FDPE (Prop_fdpe_C_Q)         0.456     5.531 r  U_RV32I_SYSTEM/U_APB_UART/U_UART/U_UART_TX/tx_reg_reg/Q
                         net (fo=1, routed)           5.341    10.873    RsTx_OBUF
    A18                  OBUF (Prop_obuf_I_O)         3.518    14.390 r  RsTx_OBUF_inst/O
                         net (fo=0)                   0.000    14.390    RsTx
    A18                                                               r  RsTx
  -------------------------------------------------------------------    -------------------

Slack:                    inf
  Source:                 U_RV32I_SYSTEM/U_APB_FND/U_FND/U_COUNTER_4/counter_r_reg[1]/C
                            (rising edge-triggered cell FDCE clocked by sys_clk_pin  {rise@0.000ns fall@5.000ns period=10.000ns})
  Destination:            an[1]
                            (output port)
  Path Group:             (none)
  Path Type:              Max at Slow Process Corner
  Data Path Delay:        9.149ns  (logic 4.272ns (46.695%)  route 4.877ns (53.305%))
  Logic Levels:           2  (LUT2=1 OBUF=1)
  Clock Uncertainty:      0.025ns  ((TSJ^2 + TIJ^2)^1/2 + DJ) / 2 + PE
    Total System Jitter     (TSJ):    0.050ns
    Total Input Jitter      (TIJ):    0.000ns
    Discrete Jitter          (DJ):    0.000ns
    Phase Error              (PE):    0.000ns

    Location             Delay type                Incr(ns)  Path(ns)    Netlist Resource(s)
  -------------------------------------------------------------------    -------------------
                         (clock sys_clk_pin rise edge)
                                                      0.000     0.000 r  <hidden>
    W5                                                0.000     0.000 r  clk
                         net (fo=0)                   0.000     0.000    clk
    W5                   IBUF (Prop_ibuf_I_O)         1.458     1.458 r  clk_IBUF_inst/O
                         net (fo=1, routed)           1.967     3.425    clk_IBUF
    BUFGCTRL_X0Y0        BUFG (Prop_bufg_I_O)         0.096     3.521 r  clk_IBUF_BUFG_inst/O
                         net (fo=2502, routed)        1.565     5.086    U_RV32I_SYSTEM/U_APB_FND/U_FND/U_COUNTER_4/clk_IBUF_BUFG
    SLICE_X10Y12         FDCE                                         r  U_RV32I_SYSTEM/U_APB_FND/U_FND/U_COUNTER_4/counter_r_reg[1]/C
  -------------------------------------------------------------------    -------------------
    SLICE_X10Y12         FDCE (Prop_fdce_C_Q)         0.478     5.564 r  U_RV32I_SYSTEM/U_APB_FND/U_FND/U_COUNTER_4/counter_r_reg[1]/Q
                         net (fo=18, routed)          1.410     6.974    U_RV32I_SYSTEM/U_APB_FND/U_FND/U_COUNTER_4/counter_r_reg_n_0_[1]
    SLICE_X12Y15         LUT2 (Prop_lut2_I0_O)        0.295     7.269 r  U_RV32I_SYSTEM/U_APB_FND/U_FND/U_COUNTER_4/an_OBUF[1]_inst_i_1/O
                         net (fo=1, routed)           3.467    10.736    an_OBUF[1]
    U4                   OBUF (Prop_obuf_I_O)         3.499    14.235 r  an_OBUF[1]_inst/O
                         net (fo=0)                   0.000    14.235    an[1]
    U4                                                                r  an[1]
  -------------------------------------------------------------------    -------------------





Min Delay Paths
--------------------------------------------------------------------------------------
Slack:                    inf
  Source:                 U_RV32I_SYSTEM/U_APB_GPIO/gpio_ctl_reg_reg[2]/C
                            (rising edge-triggered cell FDPE clocked by sys_clk_pin  {rise@0.000ns fall@5.000ns period=10.000ns})
  Destination:            gpio[2]
                            (output port)
  Path Group:             (none)
  Path Type:              Min at Fast Process Corner
  Data Path Delay:        1.830ns  (logic 0.988ns (53.979%)  route 0.842ns (46.021%))
  Logic Levels:           1  (OBUFT=1)
  Clock Uncertainty:      0.025ns  ((TSJ^2 + TIJ^2)^1/2 + DJ) / 2 + PE
    Total System Jitter     (TSJ):    0.050ns
    Total Input Jitter      (TIJ):    0.000ns
    Discrete Jitter          (DJ):    0.000ns
    Phase Error              (PE):    0.000ns

    Location             Delay type                Incr(ns)  Path(ns)    Netlist Resource(s)
  -------------------------------------------------------------------    -------------------
                         (clock sys_clk_pin rise edge)
                                                      0.000     0.000 r  <hidden>
    W5                                                0.000     0.000 r  clk
                         net (fo=0)                   0.000     0.000    clk
    W5                   IBUF (Prop_ibuf_I_O)         0.226     0.226 r  clk_IBUF_inst/O
                         net (fo=1, routed)           0.631     0.858    clk_IBUF
    BUFGCTRL_X0Y0        BUFG (Prop_bufg_I_O)         0.026     0.884 r  clk_IBUF_BUFG_inst/O
                         net (fo=2502, routed)        0.557     1.440    U_RV32I_SYSTEM/U_APB_GPIO/clk_IBUF_BUFG
    SLICE_X12Y20         FDPE                                         r  U_RV32I_SYSTEM/U_APB_GPIO/gpio_ctl_reg_reg[2]/C
  -------------------------------------------------------------------    -------------------
    SLICE_X12Y20         FDPE (Prop_fdpe_C_Q)         0.164     1.604 r  U_RV32I_SYSTEM/U_APB_GPIO/gpio_ctl_reg_reg[2]/Q
                         net (fo=2, routed)           0.842     2.446    gpio_IOBUF[2]_inst/T
    U19                  OBUFT (TriStatD_obuft_T_O)
                                                      0.824     3.270 r  gpio_IOBUF[2]_inst/OBUFT/O
                         net (fo=1, unset)            0.000     3.270    gpio[2]
    U19                                                               r  gpio[2]
  -------------------------------------------------------------------    -------------------

Slack:                    inf
  Source:                 U_RV32I_SYSTEM/U_APB_GPIO/gpio_ctl_reg_reg[3]/C
                            (rising edge-triggered cell FDPE clocked by sys_clk_pin  {rise@0.000ns fall@5.000ns period=10.000ns})
  Destination:            gpio[3]
                            (output port)
  Path Group:             (none)
  Path Type:              Min at Fast Process Corner
  Data Path Delay:        1.830ns  (logic 0.988ns (53.979%)  route 0.842ns (46.021%))
  Logic Levels:           1  (OBUFT=1)
  Clock Uncertainty:      0.025ns  ((TSJ^2 + TIJ^2)^1/2 + DJ) / 2 + PE
    Total System Jitter     (TSJ):    0.050ns
    Total Input Jitter      (TIJ):    0.000ns
    Discrete Jitter          (DJ):    0.000ns
    Phase Error              (PE):    0.000ns

    Location             Delay type                Incr(ns)  Path(ns)    Netlist Resource(s)
  -------------------------------------------------------------------    -------------------
                         (clock sys_clk_pin rise edge)
                                                      0.000     0.000 r  <hidden>
    W5                                                0.000     0.000 r  clk
                         net (fo=0)                   0.000     0.000    clk
    W5                   IBUF (Prop_ibuf_I_O)         0.226     0.226 r  clk_IBUF_inst/O
                         net (fo=1, routed)           0.631     0.858    clk_IBUF
    BUFGCTRL_X0Y0        BUFG (Prop_bufg_I_O)         0.026     0.884 r  clk_IBUF_BUFG_inst/O
                         net (fo=2502, routed)        0.558     1.441    U_RV32I_SYSTEM/U_APB_GPIO/clk_IBUF_BUFG
    SLICE_X12Y19         FDPE                                         r  U_RV32I_SYSTEM/U_APB_GPIO/gpio_ctl_reg_reg[3]/C
  -------------------------------------------------------------------    -------------------
    SLICE_X12Y19         FDPE (Prop_fdpe_C_Q)         0.164     1.605 r  U_RV32I_SYSTEM/U_APB_GPIO/gpio_ctl_reg_reg[3]/Q
                         net (fo=2, routed)           0.842     2.447    gpio_IOBUF[3]_inst/T
    V19                  OBUFT (TriStatD_obuft_T_O)
                                                      0.824     3.271 r  gpio_IOBUF[3]_inst/OBUFT/O
                         net (fo=1, unset)            0.000     3.271    gpio[3]
    V19                                                               r  gpio[3]
  -------------------------------------------------------------------    -------------------

Slack:                    inf
  Source:                 U_RV32I_SYSTEM/U_APB_GPIO/gpio_ctl_reg_reg[4]/C
                            (rising edge-triggered cell FDPE clocked by sys_clk_pin  {rise@0.000ns fall@5.000ns period=10.000ns})
  Destination:            gpio[4]
                            (output port)
  Path Group:             (none)
  Path Type:              Min at Fast Process Corner
  Data Path Delay:        1.836ns  (logic 0.988ns (53.800%)  route 0.848ns (46.200%))
  Logic Levels:           1  (OBUFT=1)
  Clock Uncertainty:      0.025ns  ((TSJ^2 + TIJ^2)^1/2 + DJ) / 2 + PE
    Total System Jitter     (TSJ):    0.050ns
    Total Input Jitter      (TIJ):    0.000ns
    Discrete Jitter          (DJ):    0.000ns
    Phase Error              (PE):    0.000ns

    Location             Delay type                Incr(ns)  Path(ns)    Netlist Resource(s)
  -------------------------------------------------------------------    -------------------
                         (clock sys_clk_pin rise edge)
                                                      0.000     0.000 r  <hidden>
    W5                                                0.000     0.000 r  clk
                         net (fo=0)                   0.000     0.000    clk
    W5                   IBUF (Prop_ibuf_I_O)         0.226     0.226 r  clk_IBUF_inst/O
                         net (fo=1, routed)           0.631     0.858    clk_IBUF
    BUFGCTRL_X0Y0        BUFG (Prop_bufg_I_O)         0.026     0.884 r  clk_IBUF_BUFG_inst/O
                         net (fo=2502, routed)        0.558     1.441    U_RV32I_SYSTEM/U_APB_GPIO/clk_IBUF_BUFG
    SLICE_X12Y19         FDPE                                         r  U_RV32I_SYSTEM/U_APB_GPIO/gpio_ctl_reg_reg[4]/C
  -------------------------------------------------------------------    -------------------
    SLICE_X12Y19         FDPE (Prop_fdpe_C_Q)         0.164     1.605 r  U_RV32I_SYSTEM/U_APB_GPIO/gpio_ctl_reg_reg[4]/Q
                         net (fo=2, routed)           0.848     2.454    gpio_IOBUF[4]_inst/T
    W18                  OBUFT (TriStatD_obuft_T_O)
                                                      0.824     3.278 r  gpio_IOBUF[4]_inst/OBUFT/O
                         net (fo=1, unset)            0.000     3.278    gpio[4]
    W18                                                               r  gpio[4]
  -------------------------------------------------------------------    -------------------

Slack:                    inf
  Source:                 U_RV32I_SYSTEM/U_APB_GPIO/gpio_ctl_reg_reg[0]/C
                            (rising edge-triggered cell FDPE clocked by sys_clk_pin  {rise@0.000ns fall@5.000ns period=10.000ns})
  Destination:            gpio[0]
                            (output port)
  Path Group:             (none)
  Path Type:              Min at Fast Process Corner
  Data Path Delay:        1.996ns  (logic 0.988ns (49.494%)  route 1.008ns (50.506%))
  Logic Levels:           1  (OBUFT=1)
  Clock Uncertainty:      0.025ns  ((TSJ^2 + TIJ^2)^1/2 + DJ) / 2 + PE
    Total System Jitter     (TSJ):    0.050ns
    Total Input Jitter      (TIJ):    0.000ns
    Discrete Jitter          (DJ):    0.000ns
    Phase Error              (PE):    0.000ns

    Location             Delay type                Incr(ns)  Path(ns)    Netlist Resource(s)
  -------------------------------------------------------------------    -------------------
                         (clock sys_clk_pin rise edge)
                                                      0.000     0.000 r  <hidden>
    W5                                                0.000     0.000 r  clk
                         net (fo=0)                   0.000     0.000    clk
    W5                   IBUF (Prop_ibuf_I_O)         0.226     0.226 r  clk_IBUF_inst/O
                         net (fo=1, routed)           0.631     0.858    clk_IBUF
    BUFGCTRL_X0Y0        BUFG (Prop_bufg_I_O)         0.026     0.884 r  clk_IBUF_BUFG_inst/O
                         net (fo=2502, routed)        0.560     1.443    U_RV32I_SYSTEM/U_APB_GPIO/clk_IBUF_BUFG
    SLICE_X12Y17         FDPE                                         r  U_RV32I_SYSTEM/U_APB_GPIO/gpio_ctl_reg_reg[0]/C
  -------------------------------------------------------------------    -------------------
    SLICE_X12Y17         FDPE (Prop_fdpe_C_Q)         0.164     1.607 r  U_RV32I_SYSTEM/U_APB_GPIO/gpio_ctl_reg_reg[0]/Q
                         net (fo=2, routed)           1.008     2.615    gpio_IOBUF[0]_inst/T
    U16                  OBUFT (TriStatD_obuft_T_O)
                                                      0.824     3.439 r  gpio_IOBUF[0]_inst/OBUFT/O
                         net (fo=1, unset)            0.000     3.439    gpio[0]
    U16                                                               r  gpio[0]
  -------------------------------------------------------------------    -------------------

Slack:                    inf
  Source:                 U_RV32I_SYSTEM/U_APB_GPIO/gpio_ctl_reg_reg[1]/C
                            (rising edge-triggered cell FDPE clocked by sys_clk_pin  {rise@0.000ns fall@5.000ns period=10.000ns})
  Destination:            gpio[1]
                            (output port)
  Path Group:             (none)
  Path Type:              Min at Fast Process Corner
  Data Path Delay:        2.009ns  (logic 0.965ns (48.023%)  route 1.044ns (51.977%))
  Logic Levels:           1  (OBUFT=1)
  Clock Uncertainty:      0.025ns  ((TSJ^2 + TIJ^2)^1/2 + DJ) / 2 + PE
    Total System Jitter     (TSJ):    0.050ns
    Total Input Jitter      (TIJ):    0.000ns
    Discrete Jitter          (DJ):    0.000ns
    Phase Error              (PE):    0.000ns

    Location             Delay type                Incr(ns)  Path(ns)    Netlist Resource(s)
  -------------------------------------------------------------------    -------------------
                         (clock sys_clk_pin rise edge)
                                                      0.000     0.000 r  <hidden>
    W5                                                0.000     0.000 r  clk
                         net (fo=0)                   0.000     0.000    clk
    W5                   IBUF (Prop_ibuf_I_O)         0.226     0.226 r  clk_IBUF_inst/O
                         net (fo=1, routed)           0.631     0.858    clk_IBUF
    BUFGCTRL_X0Y0        BUFG (Prop_bufg_I_O)         0.026     0.884 r  clk_IBUF_BUFG_inst/O
                         net (fo=2502, routed)        0.553     1.436    U_RV32I_SYSTEM/U_APB_GPIO/clk_IBUF_BUFG
    SLICE_X13Y25         FDPE                                         r  U_RV32I_SYSTEM/U_APB_GPIO/gpio_ctl_reg_reg[1]/C
  -------------------------------------------------------------------    -------------------
    SLICE_X13Y25         FDPE (Prop_fdpe_C_Q)         0.141     1.577 r  U_RV32I_SYSTEM/U_APB_GPIO/gpio_ctl_reg_reg[1]/Q
                         net (fo=2, routed)           1.044     2.622    gpio_IOBUF[1]_inst/T
    E19                  OBUFT (TriStatD_obuft_T_O)
                                                      0.824     3.446 r  gpio_IOBUF[1]_inst/OBUFT/O
                         net (fo=1, unset)            0.000     3.446    gpio[1]
    E19                                                               r  gpio[1]
  -------------------------------------------------------------------    -------------------

Slack:                    inf
  Source:                 U_RV32I_SYSTEM/U_APB_GPIO/gpio_ctl_reg_reg[8]/C
                            (rising edge-triggered cell FDPE clocked by sys_clk_pin  {rise@0.000ns fall@5.000ns period=10.000ns})
  Destination:            gpio[8]
                            (output port)
  Path Group:             (none)
  Path Type:              Min at Fast Process Corner
  Data Path Delay:        2.017ns  (logic 0.965ns (47.842%)  route 1.052ns (52.158%))
  Logic Levels:           1  (OBUFT=1)
  Clock Uncertainty:      0.025ns  ((TSJ^2 + TIJ^2)^1/2 + DJ) / 2 + PE
    Total System Jitter     (TSJ):    0.050ns
    Total Input Jitter      (TIJ):    0.000ns
    Discrete Jitter          (DJ):    0.000ns
    Phase Error              (PE):    0.000ns

    Location             Delay type                Incr(ns)  Path(ns)    Netlist Resource(s)
  -------------------------------------------------------------------    -------------------
                         (clock sys_clk_pin rise edge)
                                                      0.000     0.000 r  <hidden>
    W5                                                0.000     0.000 r  clk
                         net (fo=0)                   0.000     0.000    clk
    W5                   IBUF (Prop_ibuf_I_O)         0.226     0.226 r  clk_IBUF_inst/O
                         net (fo=1, routed)           0.631     0.858    clk_IBUF
    BUFGCTRL_X0Y0        BUFG (Prop_bufg_I_O)         0.026     0.884 r  clk_IBUF_BUFG_inst/O
                         net (fo=2502, routed)        0.560     1.443    U_RV32I_SYSTEM/U_APB_GPIO/clk_IBUF_BUFG
    SLICE_X13Y17         FDPE                                         r  U_RV32I_SYSTEM/U_APB_GPIO/gpio_ctl_reg_reg[8]/C
  -------------------------------------------------------------------    -------------------
    SLICE_X13Y17         FDPE (Prop_fdpe_C_Q)         0.141     1.584 r  U_RV32I_SYSTEM/U_APB_GPIO/gpio_ctl_reg_reg[8]/Q
                         net (fo=2, routed)           1.052     2.636    gpio_IOBUF[8]_inst/T
    V13                  OBUFT (TriStatD_obuft_T_O)
                                                      0.824     3.460 r  gpio_IOBUF[8]_inst/OBUFT/O
                         net (fo=1, unset)            0.000     3.460    gpio[8]
    V13                                                               r  gpio[8]
  -------------------------------------------------------------------    -------------------

Slack:                    inf
  Source:                 U_RV32I_SYSTEM/U_APB_GPIO/gpio_ctl_reg_reg[5]/C
                            (rising edge-triggered cell FDPE clocked by sys_clk_pin  {rise@0.000ns fall@5.000ns period=10.000ns})
  Destination:            gpio[5]
                            (output port)
  Path Group:             (none)
  Path Type:              Min at Fast Process Corner
  Data Path Delay:        2.029ns  (logic 0.988ns (48.704%)  route 1.041ns (51.296%))
  Logic Levels:           1  (OBUFT=1)
  Clock Uncertainty:      0.025ns  ((TSJ^2 + TIJ^2)^1/2 + DJ) / 2 + PE
    Total System Jitter     (TSJ):    0.050ns
    Total Input Jitter      (TIJ):    0.000ns
    Discrete Jitter          (DJ):    0.000ns
    Phase Error              (PE):    0.000ns

    Location             Delay type                Incr(ns)  Path(ns)    Netlist Resource(s)
  -------------------------------------------------------------------    -------------------
                         (clock sys_clk_pin rise edge)
                                                      0.000     0.000 r  <hidden>
    W5                                                0.000     0.000 r  clk
                         net (fo=0)                   0.000     0.000    clk
    W5                   IBUF (Prop_ibuf_I_O)         0.226     0.226 r  clk_IBUF_inst/O
                         net (fo=1, routed)           0.631     0.858    clk_IBUF
    BUFGCTRL_X0Y0        BUFG (Prop_bufg_I_O)         0.026     0.884 r  clk_IBUF_BUFG_inst/O
                         net (fo=2502, routed)        0.559     1.442    U_RV32I_SYSTEM/U_APB_GPIO/clk_IBUF_BUFG
    SLICE_X14Y18         FDPE                                         r  U_RV32I_SYSTEM/U_APB_GPIO/gpio_ctl_reg_reg[5]/C
  -------------------------------------------------------------------    -------------------
    SLICE_X14Y18         FDPE (Prop_fdpe_C_Q)         0.164     1.606 r  U_RV32I_SYSTEM/U_APB_GPIO/gpio_ctl_reg_reg[5]/Q
                         net (fo=2, routed)           1.041     2.647    gpio_IOBUF[5]_inst/T
    U15                  OBUFT (TriStatD_obuft_T_O)
                                                      0.824     3.471 r  gpio_IOBUF[5]_inst/OBUFT/O
                         net (fo=1, unset)            0.000     3.471    gpio[5]
    U15                                                               r  gpio[5]
  -------------------------------------------------------------------    -------------------

Slack:                    inf
  Source:                 U_RV32I_SYSTEM/U_APB_GPIO/gpio_ctl_reg_reg[6]/C
                            (rising edge-triggered cell FDPE clocked by sys_clk_pin  {rise@0.000ns fall@5.000ns period=10.000ns})
  Destination:            gpio[6]
                            (output port)
  Path Group:             (none)
  Path Type:              Min at Fast Process Corner
  Data Path Delay:        2.079ns  (logic 0.988ns (47.514%)  route 1.091ns (52.486%))
  Logic Levels:           1  (OBUFT=1)
  Clock Uncertainty:      0.025ns  ((TSJ^2 + TIJ^2)^1/2 + DJ) / 2 + PE
    Total System Jitter     (TSJ):    0.050ns
    Total Input Jitter      (TIJ):    0.000ns
    Discrete Jitter          (DJ):    0.000ns
    Phase Error              (PE):    0.000ns

    Location             Delay type                Incr(ns)  Path(ns)    Netlist Resource(s)
  -------------------------------------------------------------------    -------------------
                         (clock sys_clk_pin rise edge)
                                                      0.000     0.000 r  <hidden>
    W5                                                0.000     0.000 r  clk
                         net (fo=0)                   0.000     0.000    clk
    W5                   IBUF (Prop_ibuf_I_O)         0.226     0.226 r  clk_IBUF_inst/O
                         net (fo=1, routed)           0.631     0.858    clk_IBUF
    BUFGCTRL_X0Y0        BUFG (Prop_bufg_I_O)         0.026     0.884 r  clk_IBUF_BUFG_inst/O
                         net (fo=2502, routed)        0.559     1.442    U_RV32I_SYSTEM/U_APB_GPIO/clk_IBUF_BUFG
    SLICE_X14Y18         FDPE                                         r  U_RV32I_SYSTEM/U_APB_GPIO/gpio_ctl_reg_reg[6]/C
  -------------------------------------------------------------------    -------------------
    SLICE_X14Y18         FDPE (Prop_fdpe_C_Q)         0.164     1.606 r  U_RV32I_SYSTEM/U_APB_GPIO/gpio_ctl_reg_reg[6]/Q
                         net (fo=2, routed)           1.091     2.698    gpio_IOBUF[6]_inst/T
    U14                  OBUFT (TriStatD_obuft_T_O)
                                                      0.824     3.522 r  gpio_IOBUF[6]_inst/OBUFT/O
                         net (fo=1, unset)            0.000     3.522    gpio[6]
    U14                                                               r  gpio[6]
  -------------------------------------------------------------------    -------------------

Slack:                    inf
  Source:                 U_RV32I_SYSTEM/U_APB_GPIO/gpio_ctl_reg_reg[7]/C
                            (rising edge-triggered cell FDPE clocked by sys_clk_pin  {rise@0.000ns fall@5.000ns period=10.000ns})
  Destination:            gpio[7]
                            (output port)
  Path Group:             (none)
  Path Type:              Min at Fast Process Corner
  Data Path Delay:        2.139ns  (logic 0.988ns (46.196%)  route 1.151ns (53.804%))
  Logic Levels:           1  (OBUFT=1)
  Clock Uncertainty:      0.025ns  ((TSJ^2 + TIJ^2)^1/2 + DJ) / 2 + PE
    Total System Jitter     (TSJ):    0.050ns
    Total Input Jitter      (TIJ):    0.000ns
    Discrete Jitter          (DJ):    0.000ns
    Phase Error              (PE):    0.000ns

    Location             Delay type                Incr(ns)  Path(ns)    Netlist Resource(s)
  -------------------------------------------------------------------    -------------------
                         (clock sys_clk_pin rise edge)
                                                      0.000     0.000 r  <hidden>
    W5                                                0.000     0.000 r  clk
                         net (fo=0)                   0.000     0.000    clk
    W5                   IBUF (Prop_ibuf_I_O)         0.226     0.226 r  clk_IBUF_inst/O
                         net (fo=1, routed)           0.631     0.858    clk_IBUF
    BUFGCTRL_X0Y0        BUFG (Prop_bufg_I_O)         0.026     0.884 r  clk_IBUF_BUFG_inst/O
                         net (fo=2502, routed)        0.557     1.440    U_RV32I_SYSTEM/U_APB_GPIO/clk_IBUF_BUFG
    SLICE_X12Y20         FDPE                                         r  U_RV32I_SYSTEM/U_APB_GPIO/gpio_ctl_reg_reg[7]/C
  -------------------------------------------------------------------    -------------------
    SLICE_X12Y20         FDPE (Prop_fdpe_C_Q)         0.164     1.604 r  U_RV32I_SYSTEM/U_APB_GPIO/gpio_ctl_reg_reg[7]/Q
                         net (fo=2, routed)           1.151     2.755    gpio_IOBUF[7]_inst/T
    V14                  OBUFT (TriStatD_obuft_T_O)
                                                      0.824     3.579 r  gpio_IOBUF[7]_inst/OBUFT/O
                         net (fo=1, unset)            0.000     3.579    gpio[7]
    V14                                                               r  gpio[7]
  -------------------------------------------------------------------    -------------------

Slack:                    inf
  Source:                 U_RV32I_SYSTEM/U_APB_GPIO/gpio_ctl_reg_reg[10]/C
                            (rising edge-triggered cell FDPE clocked by sys_clk_pin  {rise@0.000ns fall@5.000ns period=10.000ns})
  Destination:            gpio[10]
                            (output port)
  Path Group:             (none)
  Path Type:              Min at Fast Process Corner
  Data Path Delay:        2.261ns  (logic 0.965ns (42.674%)  route 1.296ns (57.326%))
  Logic Levels:           1  (OBUFT=1)
  Clock Uncertainty:      0.025ns  ((TSJ^2 + TIJ^2)^1/2 + DJ) / 2 + PE
    Total System Jitter     (TSJ):    0.050ns
    Total Input Jitter      (TIJ):    0.000ns
    Discrete Jitter          (DJ):    0.000ns
    Phase Error              (PE):    0.000ns

    Location             Delay type                Incr(ns)  Path(ns)    Netlist Resource(s)
  -------------------------------------------------------------------    -------------------
                         (clock sys_clk_pin rise edge)
                                                      0.000     0.000 r  <hidden>
    W5                                                0.000     0.000 r  clk
                         net (fo=0)                   0.000     0.000    clk
    W5                   IBUF (Prop_ibuf_I_O)         0.226     0.226 r  clk_IBUF_inst/O
                         net (fo=1, routed)           0.631     0.858    clk_IBUF
    BUFGCTRL_X0Y0        BUFG (Prop_bufg_I_O)         0.026     0.884 r  clk_IBUF_BUFG_inst/O
                         net (fo=2502, routed)        0.550     1.433    U_RV32I_SYSTEM/U_APB_GPIO/clk_IBUF_BUFG
    SLICE_X29Y25         FDPE                                         r  U_RV32I_SYSTEM/U_APB_GPIO/gpio_ctl_reg_reg[10]/C
  -------------------------------------------------------------------    -------------------
    SLICE_X29Y25         FDPE (Prop_fdpe_C_Q)         0.141     1.574 r  U_RV32I_SYSTEM/U_APB_GPIO/gpio_ctl_reg_reg[10]/Q
                         net (fo=2, routed)           1.296     2.870    gpio_IOBUF[10]_inst/T
    W3                   OBUFT (TriStatD_obuft_T_O)
                                                      0.824     3.694 r  gpio_IOBUF[10]_inst/OBUFT/O
                         net (fo=1, unset)            0.000     3.694    gpio[10]
    W3                                                                r  gpio[10]
  -------------------------------------------------------------------    -------------------





--------------------------------------------------------------------------------------
Path Group:  (none)
From Clock:  
  To Clock:  sys_clk_pin

Max Delay          2034 Endpoints
Min Delay          2034 Endpoints
--------------------------------------------------------------------------------------


Max Delay Paths
--------------------------------------------------------------------------------------
Slack:                    inf
  Source:                 btnU
                            (input port)
  Destination:            U_RV32I_SYSTEM/U_RV32I_CPU/U_DATAPATH/U_REG_FILE/rf_reg[28][27]/CLR
                            (recovery check against rising-edge clock sys_clk_pin  {rise@0.000ns fall@5.000ns period=10.000ns})
  Path Group:             (none)
  Path Type:              Recovery (Max at Slow Process Corner)
  Data Path Delay:        13.409ns  (logic 1.454ns (10.842%)  route 11.955ns (89.158%))
  Logic Levels:           1  (IBUF=1)
  Clock Path Skew:        4.789ns (DCD - SCD + CPR)
    Destination Clock Delay (DCD):    4.789ns
    Source Clock Delay      (SCD):    0.000ns
    Clock Pessimism Removal (CPR):    0.000ns
  Clock Uncertainty:      0.025ns  ((TSJ^2 + TIJ^2)^1/2 + DJ) / 2 + PE
    Total System Jitter     (TSJ):    0.050ns
    Total Input Jitter      (TIJ):    0.000ns
    Discrete Jitter          (DJ):    0.000ns
    Phase Error              (PE):    0.000ns

    Location             Delay type                Incr(ns)  Path(ns)    Netlist Resource(s)
  -------------------------------------------------------------------    -------------------
    T18                                               0.000     0.000 f  btnU
                         net (fo=0)                   0.000     0.000    btnU
    T18                  IBUF (Prop_ibuf_I_O)         1.454     1.454 f  btnU_IBUF_inst/O
                         net (fo=1990, routed)       11.955    13.409    U_RV32I_SYSTEM/U_RV32I_CPU/U_DATAPATH/U_REG_FILE/btnU_IBUF
    SLICE_X40Y47         FDCE                                         f  U_RV32I_SYSTEM/U_RV32I_CPU/U_DATAPATH/U_REG_FILE/rf_reg[28][27]/CLR
  -------------------------------------------------------------------    -------------------

                         (clock sys_clk_pin rise edge)
                                                      0.000     0.000 r  <hidden>
    W5                                                0.000     0.000 r  clk
                         net (fo=0)                   0.000     0.000    clk
    W5                   IBUF (Prop_ibuf_I_O)         1.388     1.388 r  clk_IBUF_inst/O
                         net (fo=1, routed)           1.862     3.250    clk_IBUF
    BUFGCTRL_X0Y0        BUFG (Prop_bufg_I_O)         0.091     3.341 r  clk_IBUF_BUFG_inst/O
                         net (fo=2502, routed)        1.448     4.789    U_RV32I_SYSTEM/U_RV32I_CPU/U_DATAPATH/U_REG_FILE/clk_IBUF_BUFG
    SLICE_X40Y47         FDCE                                         r  U_RV32I_SYSTEM/U_RV32I_CPU/U_DATAPATH/U_REG_FILE/rf_reg[28][27]/C

Slack:                    inf
  Source:                 btnU
                            (input port)
  Destination:            U_RV32I_SYSTEM/U_RV32I_CPU/U_DATAPATH/U_REG_FILE/rf_reg[26][23]/CLR
                            (recovery check against rising-edge clock sys_clk_pin  {rise@0.000ns fall@5.000ns period=10.000ns})
  Path Group:             (none)
  Path Type:              Recovery (Max at Slow Process Corner)
  Data Path Delay:        13.405ns  (logic 1.454ns (10.845%)  route 11.951ns (89.155%))
  Logic Levels:           1  (IBUF=1)
  Clock Path Skew:        4.789ns (DCD - SCD + CPR)
    Destination Clock Delay (DCD):    4.789ns
    Source Clock Delay      (SCD):    0.000ns
    Clock Pessimism Removal (CPR):    0.000ns
  Clock Uncertainty:      0.025ns  ((TSJ^2 + TIJ^2)^1/2 + DJ) / 2 + PE
    Total System Jitter     (TSJ):    0.050ns
    Total Input Jitter      (TIJ):    0.000ns
    Discrete Jitter          (DJ):    0.000ns
    Phase Error              (PE):    0.000ns

    Location             Delay type                Incr(ns)  Path(ns)    Netlist Resource(s)
  -------------------------------------------------------------------    -------------------
    T18                                               0.000     0.000 f  btnU
                         net (fo=0)                   0.000     0.000    btnU
    T18                  IBUF (Prop_ibuf_I_O)         1.454     1.454 f  btnU_IBUF_inst/O
                         net (fo=1990, routed)       11.951    13.405    U_RV32I_SYSTEM/U_RV32I_CPU/U_DATAPATH/U_REG_FILE/btnU_IBUF
    SLICE_X41Y47         FDCE                                         f  U_RV32I_SYSTEM/U_RV32I_CPU/U_DATAPATH/U_REG_FILE/rf_reg[26][23]/CLR
  -------------------------------------------------------------------    -------------------

                         (clock sys_clk_pin rise edge)
                                                      0.000     0.000 r  <hidden>
    W5                                                0.000     0.000 r  clk
                         net (fo=0)                   0.000     0.000    clk
    W5                   IBUF (Prop_ibuf_I_O)         1.388     1.388 r  clk_IBUF_inst/O
                         net (fo=1, routed)           1.862     3.250    clk_IBUF
    BUFGCTRL_X0Y0        BUFG (Prop_bufg_I_O)         0.091     3.341 r  clk_IBUF_BUFG_inst/O
                         net (fo=2502, routed)        1.448     4.789    U_RV32I_SYSTEM/U_RV32I_CPU/U_DATAPATH/U_REG_FILE/clk_IBUF_BUFG
    SLICE_X41Y47         FDCE                                         r  U_RV32I_SYSTEM/U_RV32I_CPU/U_DATAPATH/U_REG_FILE/rf_reg[26][23]/C

Slack:                    inf
  Source:                 btnU
                            (input port)
  Destination:            U_RV32I_SYSTEM/U_RV32I_CPU/U_DATAPATH/U_REG_FILE/rf_reg[26][27]/CLR
                            (recovery check against rising-edge clock sys_clk_pin  {rise@0.000ns fall@5.000ns period=10.000ns})
  Path Group:             (none)
  Path Type:              Recovery (Max at Slow Process Corner)
  Data Path Delay:        13.405ns  (logic 1.454ns (10.845%)  route 11.951ns (89.155%))
  Logic Levels:           1  (IBUF=1)
  Clock Path Skew:        4.789ns (DCD - SCD + CPR)
    Destination Clock Delay (DCD):    4.789ns
    Source Clock Delay      (SCD):    0.000ns
    Clock Pessimism Removal (CPR):    0.000ns
  Clock Uncertainty:      0.025ns  ((TSJ^2 + TIJ^2)^1/2 + DJ) / 2 + PE
    Total System Jitter     (TSJ):    0.050ns
    Total Input Jitter      (TIJ):    0.000ns
    Discrete Jitter          (DJ):    0.000ns
    Phase Error              (PE):    0.000ns

    Location             Delay type                Incr(ns)  Path(ns)    Netlist Resource(s)
  -------------------------------------------------------------------    -------------------
    T18                                               0.000     0.000 f  btnU
                         net (fo=0)                   0.000     0.000    btnU
    T18                  IBUF (Prop_ibuf_I_O)         1.454     1.454 f  btnU_IBUF_inst/O
                         net (fo=1990, routed)       11.951    13.405    U_RV32I_SYSTEM/U_RV32I_CPU/U_DATAPATH/U_REG_FILE/btnU_IBUF
    SLICE_X41Y47         FDCE                                         f  U_RV32I_SYSTEM/U_RV32I_CPU/U_DATAPATH/U_REG_FILE/rf_reg[26][27]/CLR
  -------------------------------------------------------------------    -------------------

                         (clock sys_clk_pin rise edge)
                                                      0.000     0.000 r  <hidden>
    W5                                                0.000     0.000 r  clk
                         net (fo=0)                   0.000     0.000    clk
    W5                   IBUF (Prop_ibuf_I_O)         1.388     1.388 r  clk_IBUF_inst/O
                         net (fo=1, routed)           1.862     3.250    clk_IBUF
    BUFGCTRL_X0Y0        BUFG (Prop_bufg_I_O)         0.091     3.341 r  clk_IBUF_BUFG_inst/O
                         net (fo=2502, routed)        1.448     4.789    U_RV32I_SYSTEM/U_RV32I_CPU/U_DATAPATH/U_REG_FILE/clk_IBUF_BUFG
    SLICE_X41Y47         FDCE                                         r  U_RV32I_SYSTEM/U_RV32I_CPU/U_DATAPATH/U_REG_FILE/rf_reg[26][27]/C

Slack:                    inf
  Source:                 btnU
                            (input port)
  Destination:            U_RV32I_SYSTEM/U_RV32I_CPU/U_DATAPATH/U_REG_FILE/rf_reg[17][23]/CLR
                            (recovery check against rising-edge clock sys_clk_pin  {rise@0.000ns fall@5.000ns period=10.000ns})
  Path Group:             (none)
  Path Type:              Recovery (Max at Slow Process Corner)
  Data Path Delay:        13.158ns  (logic 1.454ns (11.049%)  route 11.704ns (88.951%))
  Logic Levels:           1  (IBUF=1)
  Clock Path Skew:        4.789ns (DCD - SCD + CPR)
    Destination Clock Delay (DCD):    4.789ns
    Source Clock Delay      (SCD):    0.000ns
    Clock Pessimism Removal (CPR):    0.000ns
  Clock Uncertainty:      0.025ns  ((TSJ^2 + TIJ^2)^1/2 + DJ) / 2 + PE
    Total System Jitter     (TSJ):    0.050ns
    Total Input Jitter      (TIJ):    0.000ns
    Discrete Jitter          (DJ):    0.000ns
    Phase Error              (PE):    0.000ns

    Location             Delay type                Incr(ns)  Path(ns)    Netlist Resource(s)
  -------------------------------------------------------------------    -------------------
    T18                                               0.000     0.000 f  btnU
                         net (fo=0)                   0.000     0.000    btnU
    T18                  IBUF (Prop_ibuf_I_O)         1.454     1.454 f  btnU_IBUF_inst/O
                         net (fo=1990, routed)       11.704    13.158    U_RV32I_SYSTEM/U_RV32I_CPU/U_DATAPATH/U_REG_FILE/btnU_IBUF
    SLICE_X44Y46         FDCE                                         f  U_RV32I_SYSTEM/U_RV32I_CPU/U_DATAPATH/U_REG_FILE/rf_reg[17][23]/CLR
  -------------------------------------------------------------------    -------------------

                         (clock sys_clk_pin rise edge)
                                                      0.000     0.000 r  <hidden>
    W5                                                0.000     0.000 r  clk
                         net (fo=0)                   0.000     0.000    clk
    W5                   IBUF (Prop_ibuf_I_O)         1.388     1.388 r  clk_IBUF_inst/O
                         net (fo=1, routed)           1.862     3.250    clk_IBUF
    BUFGCTRL_X0Y0        BUFG (Prop_bufg_I_O)         0.091     3.341 r  clk_IBUF_BUFG_inst/O
                         net (fo=2502, routed)        1.448     4.789    U_RV32I_SYSTEM/U_RV32I_CPU/U_DATAPATH/U_REG_FILE/clk_IBUF_BUFG
    SLICE_X44Y46         FDCE                                         r  U_RV32I_SYSTEM/U_RV32I_CPU/U_DATAPATH/U_REG_FILE/rf_reg[17][23]/C

Slack:                    inf
  Source:                 btnU
                            (input port)
  Destination:            U_RV32I_SYSTEM/U_RV32I_CPU/U_DATAPATH/U_REG_FILE/rf_reg[17][27]/CLR
                            (recovery check against rising-edge clock sys_clk_pin  {rise@0.000ns fall@5.000ns period=10.000ns})
  Path Group:             (none)
  Path Type:              Recovery (Max at Slow Process Corner)
  Data Path Delay:        13.158ns  (logic 1.454ns (11.049%)  route 11.704ns (88.951%))
  Logic Levels:           1  (IBUF=1)
  Clock Path Skew:        4.789ns (DCD - SCD + CPR)
    Destination Clock Delay (DCD):    4.789ns
    Source Clock Delay      (SCD):    0.000ns
    Clock Pessimism Removal (CPR):    0.000ns
  Clock Uncertainty:      0.025ns  ((TSJ^2 + TIJ^2)^1/2 + DJ) / 2 + PE
    Total System Jitter     (TSJ):    0.050ns
    Total Input Jitter      (TIJ):    0.000ns
    Discrete Jitter          (DJ):    0.000ns
    Phase Error              (PE):    0.000ns

    Location             Delay type                Incr(ns)  Path(ns)    Netlist Resource(s)
  -------------------------------------------------------------------    -------------------
    T18                                               0.000     0.000 f  btnU
                         net (fo=0)                   0.000     0.000    btnU
    T18                  IBUF (Prop_ibuf_I_O)         1.454     1.454 f  btnU_IBUF_inst/O
                         net (fo=1990, routed)       11.704    13.158    U_RV32I_SYSTEM/U_RV32I_CPU/U_DATAPATH/U_REG_FILE/btnU_IBUF
    SLICE_X44Y46         FDCE                                         f  U_RV32I_SYSTEM/U_RV32I_CPU/U_DATAPATH/U_REG_FILE/rf_reg[17][27]/CLR
  -------------------------------------------------------------------    -------------------

                         (clock sys_clk_pin rise edge)
                                                      0.000     0.000 r  <hidden>
    W5                                                0.000     0.000 r  clk
                         net (fo=0)                   0.000     0.000    clk
    W5                   IBUF (Prop_ibuf_I_O)         1.388     1.388 r  clk_IBUF_inst/O
                         net (fo=1, routed)           1.862     3.250    clk_IBUF
    BUFGCTRL_X0Y0        BUFG (Prop_bufg_I_O)         0.091     3.341 r  clk_IBUF_BUFG_inst/O
                         net (fo=2502, routed)        1.448     4.789    U_RV32I_SYSTEM/U_RV32I_CPU/U_DATAPATH/U_REG_FILE/clk_IBUF_BUFG
    SLICE_X44Y46         FDCE                                         r  U_RV32I_SYSTEM/U_RV32I_CPU/U_DATAPATH/U_REG_FILE/rf_reg[17][27]/C

Slack:                    inf
  Source:                 btnU
                            (input port)
  Destination:            U_RV32I_SYSTEM/U_RV32I_CPU/U_DATAPATH/U_REG_FILE/rf_reg[25][23]/CLR
                            (recovery check against rising-edge clock sys_clk_pin  {rise@0.000ns fall@5.000ns period=10.000ns})
  Path Group:             (none)
  Path Type:              Recovery (Max at Slow Process Corner)
  Data Path Delay:        13.153ns  (logic 1.454ns (11.053%)  route 11.699ns (88.947%))
  Logic Levels:           1  (IBUF=1)
  Clock Path Skew:        4.789ns (DCD - SCD + CPR)
    Destination Clock Delay (DCD):    4.789ns
    Source Clock Delay      (SCD):    0.000ns
    Clock Pessimism Removal (CPR):    0.000ns
  Clock Uncertainty:      0.025ns  ((TSJ^2 + TIJ^2)^1/2 + DJ) / 2 + PE
    Total System Jitter     (TSJ):    0.050ns
    Total Input Jitter      (TIJ):    0.000ns
    Discrete Jitter          (DJ):    0.000ns
    Phase Error              (PE):    0.000ns

    Location             Delay type                Incr(ns)  Path(ns)    Netlist Resource(s)
  -------------------------------------------------------------------    -------------------
    T18                                               0.000     0.000 f  btnU
                         net (fo=0)                   0.000     0.000    btnU
    T18                  IBUF (Prop_ibuf_I_O)         1.454     1.454 f  btnU_IBUF_inst/O
                         net (fo=1990, routed)       11.699    13.153    U_RV32I_SYSTEM/U_RV32I_CPU/U_DATAPATH/U_REG_FILE/btnU_IBUF
    SLICE_X45Y46         FDCE                                         f  U_RV32I_SYSTEM/U_RV32I_CPU/U_DATAPATH/U_REG_FILE/rf_reg[25][23]/CLR
  -------------------------------------------------------------------    -------------------

                         (clock sys_clk_pin rise edge)
                                                      0.000     0.000 r  <hidden>
    W5                                                0.000     0.000 r  clk
                         net (fo=0)                   0.000     0.000    clk
    W5                   IBUF (Prop_ibuf_I_O)         1.388     1.388 r  clk_IBUF_inst/O
                         net (fo=1, routed)           1.862     3.250    clk_IBUF
    BUFGCTRL_X0Y0        BUFG (Prop_bufg_I_O)         0.091     3.341 r  clk_IBUF_BUFG_inst/O
                         net (fo=2502, routed)        1.448     4.789    U_RV32I_SYSTEM/U_RV32I_CPU/U_DATAPATH/U_REG_FILE/clk_IBUF_BUFG
    SLICE_X45Y46         FDCE                                         r  U_RV32I_SYSTEM/U_RV32I_CPU/U_DATAPATH/U_REG_FILE/rf_reg[25][23]/C

Slack:                    inf
  Source:                 btnU
                            (input port)
  Destination:            U_RV32I_SYSTEM/U_RV32I_CPU/U_DATAPATH/U_REG_FILE/rf_reg[25][27]/CLR
                            (recovery check against rising-edge clock sys_clk_pin  {rise@0.000ns fall@5.000ns period=10.000ns})
  Path Group:             (none)
  Path Type:              Recovery (Max at Slow Process Corner)
  Data Path Delay:        13.153ns  (logic 1.454ns (11.053%)  route 11.699ns (88.947%))
  Logic Levels:           1  (IBUF=1)
  Clock Path Skew:        4.789ns (DCD - SCD + CPR)
    Destination Clock Delay (DCD):    4.789ns
    Source Clock Delay      (SCD):    0.000ns
    Clock Pessimism Removal (CPR):    0.000ns
  Clock Uncertainty:      0.025ns  ((TSJ^2 + TIJ^2)^1/2 + DJ) / 2 + PE
    Total System Jitter     (TSJ):    0.050ns
    Total Input Jitter      (TIJ):    0.000ns
    Discrete Jitter          (DJ):    0.000ns
    Phase Error              (PE):    0.000ns

    Location             Delay type                Incr(ns)  Path(ns)    Netlist Resource(s)
  -------------------------------------------------------------------    -------------------
    T18                                               0.000     0.000 f  btnU
                         net (fo=0)                   0.000     0.000    btnU
    T18                  IBUF (Prop_ibuf_I_O)         1.454     1.454 f  btnU_IBUF_inst/O
                         net (fo=1990, routed)       11.699    13.153    U_RV32I_SYSTEM/U_RV32I_CPU/U_DATAPATH/U_REG_FILE/btnU_IBUF
    SLICE_X45Y46         FDCE                                         f  U_RV32I_SYSTEM/U_RV32I_CPU/U_DATAPATH/U_REG_FILE/rf_reg[25][27]/CLR
  -------------------------------------------------------------------    -------------------

                         (clock sys_clk_pin rise edge)
                                                      0.000     0.000 r  <hidden>
    W5                                                0.000     0.000 r  clk
                         net (fo=0)                   0.000     0.000    clk
    W5                   IBUF (Prop_ibuf_I_O)         1.388     1.388 r  clk_IBUF_inst/O
                         net (fo=1, routed)           1.862     3.250    clk_IBUF
    BUFGCTRL_X0Y0        BUFG (Prop_bufg_I_O)         0.091     3.341 r  clk_IBUF_BUFG_inst/O
                         net (fo=2502, routed)        1.448     4.789    U_RV32I_SYSTEM/U_RV32I_CPU/U_DATAPATH/U_REG_FILE/clk_IBUF_BUFG
    SLICE_X45Y46         FDCE                                         r  U_RV32I_SYSTEM/U_RV32I_CPU/U_DATAPATH/U_REG_FILE/rf_reg[25][27]/C

Slack:                    inf
  Source:                 btnU
                            (input port)
  Destination:            U_RV32I_SYSTEM/U_RV32I_CPU/U_DATAPATH/U_REG_FILE/rf_reg[22][23]/CLR
                            (recovery check against rising-edge clock sys_clk_pin  {rise@0.000ns fall@5.000ns period=10.000ns})
  Path Group:             (none)
  Path Type:              Recovery (Max at Slow Process Corner)
  Data Path Delay:        13.127ns  (logic 1.454ns (11.075%)  route 11.673ns (88.925%))
  Logic Levels:           1  (IBUF=1)
  Clock Path Skew:        4.788ns (DCD - SCD + CPR)
    Destination Clock Delay (DCD):    4.788ns
    Source Clock Delay      (SCD):    0.000ns
    Clock Pessimism Removal (CPR):    0.000ns
  Clock Uncertainty:      0.025ns  ((TSJ^2 + TIJ^2)^1/2 + DJ) / 2 + PE
    Total System Jitter     (TSJ):    0.050ns
    Total Input Jitter      (TIJ):    0.000ns
    Discrete Jitter          (DJ):    0.000ns
    Phase Error              (PE):    0.000ns

    Location             Delay type                Incr(ns)  Path(ns)    Netlist Resource(s)
  -------------------------------------------------------------------    -------------------
    T18                                               0.000     0.000 f  btnU
                         net (fo=0)                   0.000     0.000    btnU
    T18                  IBUF (Prop_ibuf_I_O)         1.454     1.454 f  btnU_IBUF_inst/O
                         net (fo=1990, routed)       11.673    13.127    U_RV32I_SYSTEM/U_RV32I_CPU/U_DATAPATH/U_REG_FILE/btnU_IBUF
    SLICE_X43Y46         FDCE                                         f  U_RV32I_SYSTEM/U_RV32I_CPU/U_DATAPATH/U_REG_FILE/rf_reg[22][23]/CLR
  -------------------------------------------------------------------    -------------------

                         (clock sys_clk_pin rise edge)
                                                      0.000     0.000 r  <hidden>
    W5                                                0.000     0.000 r  clk
                         net (fo=0)                   0.000     0.000    clk
    W5                   IBUF (Prop_ibuf_I_O)         1.388     1.388 r  clk_IBUF_inst/O
                         net (fo=1, routed)           1.862     3.250    clk_IBUF
    BUFGCTRL_X0Y0        BUFG (Prop_bufg_I_O)         0.091     3.341 r  clk_IBUF_BUFG_inst/O
                         net (fo=2502, routed)        1.447     4.788    U_RV32I_SYSTEM/U_RV32I_CPU/U_DATAPATH/U_REG_FILE/clk_IBUF_BUFG
    SLICE_X43Y46         FDCE                                         r  U_RV32I_SYSTEM/U_RV32I_CPU/U_DATAPATH/U_REG_FILE/rf_reg[22][23]/C

Slack:                    inf
  Source:                 btnU
                            (input port)
  Destination:            U_RV32I_SYSTEM/U_RV32I_CPU/U_DATAPATH/U_REG_FILE/rf_reg[22][27]/CLR
                            (recovery check against rising-edge clock sys_clk_pin  {rise@0.000ns fall@5.000ns period=10.000ns})
  Path Group:             (none)
  Path Type:              Recovery (Max at Slow Process Corner)
  Data Path Delay:        13.127ns  (logic 1.454ns (11.075%)  route 11.673ns (88.925%))
  Logic Levels:           1  (IBUF=1)
  Clock Path Skew:        4.788ns (DCD - SCD + CPR)
    Destination Clock Delay (DCD):    4.788ns
    Source Clock Delay      (SCD):    0.000ns
    Clock Pessimism Removal (CPR):    0.000ns
  Clock Uncertainty:      0.025ns  ((TSJ^2 + TIJ^2)^1/2 + DJ) / 2 + PE
    Total System Jitter     (TSJ):    0.050ns
    Total Input Jitter      (TIJ):    0.000ns
    Discrete Jitter          (DJ):    0.000ns
    Phase Error              (PE):    0.000ns

    Location             Delay type                Incr(ns)  Path(ns)    Netlist Resource(s)
  -------------------------------------------------------------------    -------------------
    T18                                               0.000     0.000 f  btnU
                         net (fo=0)                   0.000     0.000    btnU
    T18                  IBUF (Prop_ibuf_I_O)         1.454     1.454 f  btnU_IBUF_inst/O
                         net (fo=1990, routed)       11.673    13.127    U_RV32I_SYSTEM/U_RV32I_CPU/U_DATAPATH/U_REG_FILE/btnU_IBUF
    SLICE_X43Y46         FDCE                                         f  U_RV32I_SYSTEM/U_RV32I_CPU/U_DATAPATH/U_REG_FILE/rf_reg[22][27]/CLR
  -------------------------------------------------------------------    -------------------

                         (clock sys_clk_pin rise edge)
                                                      0.000     0.000 r  <hidden>
    W5                                                0.000     0.000 r  clk
                         net (fo=0)                   0.000     0.000    clk
    W5                   IBUF (Prop_ibuf_I_O)         1.388     1.388 r  clk_IBUF_inst/O
                         net (fo=1, routed)           1.862     3.250    clk_IBUF
    BUFGCTRL_X0Y0        BUFG (Prop_bufg_I_O)         0.091     3.341 r  clk_IBUF_BUFG_inst/O
                         net (fo=2502, routed)        1.447     4.788    U_RV32I_SYSTEM/U_RV32I_CPU/U_DATAPATH/U_REG_FILE/clk_IBUF_BUFG
    SLICE_X43Y46         FDCE                                         r  U_RV32I_SYSTEM/U_RV32I_CPU/U_DATAPATH/U_REG_FILE/rf_reg[22][27]/C

Slack:                    inf
  Source:                 btnU
                            (input port)
  Destination:            U_RV32I_SYSTEM/U_RV32I_CPU/U_DATAPATH/U_REG_FILE/rf_reg[30][27]/CLR
                            (recovery check against rising-edge clock sys_clk_pin  {rise@0.000ns fall@5.000ns period=10.000ns})
  Path Group:             (none)
  Path Type:              Recovery (Max at Slow Process Corner)
  Data Path Delay:        13.127ns  (logic 1.454ns (11.075%)  route 11.673ns (88.925%))
  Logic Levels:           1  (IBUF=1)
  Clock Path Skew:        4.788ns (DCD - SCD + CPR)
    Destination Clock Delay (DCD):    4.788ns
    Source Clock Delay      (SCD):    0.000ns
    Clock Pessimism Removal (CPR):    0.000ns
  Clock Uncertainty:      0.025ns  ((TSJ^2 + TIJ^2)^1/2 + DJ) / 2 + PE
    Total System Jitter     (TSJ):    0.050ns
    Total Input Jitter      (TIJ):    0.000ns
    Discrete Jitter          (DJ):    0.000ns
    Phase Error              (PE):    0.000ns

    Location             Delay type                Incr(ns)  Path(ns)    Netlist Resource(s)
  -------------------------------------------------------------------    -------------------
    T18                                               0.000     0.000 f  btnU
                         net (fo=0)                   0.000     0.000    btnU
    T18                  IBUF (Prop_ibuf_I_O)         1.454     1.454 f  btnU_IBUF_inst/O
                         net (fo=1990, routed)       11.673    13.127    U_RV32I_SYSTEM/U_RV32I_CPU/U_DATAPATH/U_REG_FILE/btnU_IBUF
    SLICE_X42Y46         FDCE                                         f  U_RV32I_SYSTEM/U_RV32I_CPU/U_DATAPATH/U_REG_FILE/rf_reg[30][27]/CLR
  -------------------------------------------------------------------    -------------------

                         (clock sys_clk_pin rise edge)
                                                      0.000     0.000 r  <hidden>
    W5                                                0.000     0.000 r  clk
                         net (fo=0)                   0.000     0.000    clk
    W5                   IBUF (Prop_ibuf_I_O)         1.388     1.388 r  clk_IBUF_inst/O
                         net (fo=1, routed)           1.862     3.250    clk_IBUF
    BUFGCTRL_X0Y0        BUFG (Prop_bufg_I_O)         0.091     3.341 r  clk_IBUF_BUFG_inst/O
                         net (fo=2502, routed)        1.447     4.788    U_RV32I_SYSTEM/U_RV32I_CPU/U_DATAPATH/U_REG_FILE/clk_IBUF_BUFG
    SLICE_X42Y46         FDCE                                         r  U_RV32I_SYSTEM/U_RV32I_CPU/U_DATAPATH/U_REG_FILE/rf_reg[30][27]/C





Min Delay Paths
--------------------------------------------------------------------------------------
Slack:                    inf
  Source:                 btnC
                            (input port)
  Destination:            U_BTN_DEBOUNCE/sync_0_reg/D
                            (rising edge-triggered cell FDCE clocked by sys_clk_pin  {rise@0.000ns fall@5.000ns period=10.000ns})
  Path Group:             (none)
  Path Type:              Hold (Min at Fast Process Corner)
  Data Path Delay:        0.824ns  (logic 0.210ns (25.428%)  route 0.614ns (74.572%))
  Logic Levels:           1  (IBUF=1)
  Clock Path Skew:        1.963ns (DCD - SCD - CPR)
    Destination Clock Delay (DCD):    1.963ns
    Source Clock Delay      (SCD):    0.000ns
    Clock Pessimism Removal (CPR):    -0.000ns

    Location             Delay type                Incr(ns)  Path(ns)    Netlist Resource(s)
  -------------------------------------------------------------------    -------------------
    U18                                               0.000     0.000 r  btnC
                         net (fo=0)                   0.000     0.000    btnC
    U18                  IBUF (Prop_ibuf_I_O)         0.210     0.210 r  btnC_IBUF_inst/O
                         net (fo=1, routed)           0.614     0.824    U_BTN_DEBOUNCE/i_btn
    SLICE_X11Y5          FDCE                                         r  U_BTN_DEBOUNCE/sync_0_reg/D
  -------------------------------------------------------------------    -------------------

                         (clock sys_clk_pin rise edge)
                                                      0.000     0.000 r  <hidden>
    W5                                                0.000     0.000 r  clk
                         net (fo=0)                   0.000     0.000    clk
    W5                   IBUF (Prop_ibuf_I_O)         0.414     0.414 r  clk_IBUF_inst/O
                         net (fo=1, routed)           0.685     1.099    clk_IBUF
    BUFGCTRL_X0Y0        BUFG (Prop_bufg_I_O)         0.029     1.128 r  clk_IBUF_BUFG_inst/O
                         net (fo=2502, routed)        0.836     1.963    U_BTN_DEBOUNCE/clk_IBUF_BUFG
    SLICE_X11Y5          FDCE                                         r  U_BTN_DEBOUNCE/sync_0_reg/C

Slack:                    inf
  Source:                 btnU
                            (input port)
  Destination:            U_RV32I_SYSTEM/U_APB_FND/U_FND/U_CLK_DIV/o_1khz_reg/CLR
                            (removal check against rising-edge clock sys_clk_pin  {rise@0.000ns fall@5.000ns period=10.000ns})
  Path Group:             (none)
  Path Type:              Removal (Min at Fast Process Corner)
  Data Path Delay:        0.836ns  (logic 0.222ns (26.549%)  route 0.614ns (73.451%))
  Logic Levels:           1  (IBUF=1)
  Clock Path Skew:        1.961ns (DCD - SCD - CPR)
    Destination Clock Delay (DCD):    1.961ns
    Source Clock Delay      (SCD):    0.000ns
    Clock Pessimism Removal (CPR):    -0.000ns

    Location             Delay type                Incr(ns)  Path(ns)    Netlist Resource(s)
  -------------------------------------------------------------------    -------------------
    T18                                               0.000     0.000 f  btnU
                         net (fo=0)                   0.000     0.000    btnU
    T18                  IBUF (Prop_ibuf_I_O)         0.222     0.222 f  btnU_IBUF_inst/O
                         net (fo=1990, routed)        0.614     0.836    U_RV32I_SYSTEM/U_APB_FND/U_FND/U_CLK_DIV/btnU_IBUF
    SLICE_X10Y11         FDCE                                         f  U_RV32I_SYSTEM/U_APB_FND/U_FND/U_CLK_DIV/o_1khz_reg/CLR
  -------------------------------------------------------------------    -------------------

                         (clock sys_clk_pin rise edge)
                                                      0.000     0.000 r  <hidden>
    W5                                                0.000     0.000 r  clk
                         net (fo=0)                   0.000     0.000    clk
    W5                   IBUF (Prop_ibuf_I_O)         0.414     0.414 r  clk_IBUF_inst/O
                         net (fo=1, routed)           0.685     1.099    clk_IBUF
    BUFGCTRL_X0Y0        BUFG (Prop_bufg_I_O)         0.029     1.128 r  clk_IBUF_BUFG_inst/O
                         net (fo=2502, routed)        0.834     1.961    U_RV32I_SYSTEM/U_APB_FND/U_FND/U_CLK_DIV/clk_IBUF_BUFG
    SLICE_X10Y11         FDCE                                         r  U_RV32I_SYSTEM/U_APB_FND/U_FND/U_CLK_DIV/o_1khz_reg/C

Slack:                    inf
  Source:                 btnU
                            (input port)
  Destination:            U_RV32I_SYSTEM/U_APB_FND/U_FND/U_COUNTER_4/counter_r_reg[0]/CLR
                            (removal check against rising-edge clock sys_clk_pin  {rise@0.000ns fall@5.000ns period=10.000ns})
  Path Group:             (none)
  Path Type:              Removal (Min at Fast Process Corner)
  Data Path Delay:        0.889ns  (logic 0.222ns (24.954%)  route 0.667ns (75.046%))
  Logic Levels:           1  (IBUF=1)
  Clock Path Skew:        1.959ns (DCD - SCD - CPR)
    Destination Clock Delay (DCD):    1.959ns
    Source Clock Delay      (SCD):    0.000ns
    Clock Pessimism Removal (CPR):    -0.000ns

    Location             Delay type                Incr(ns)  Path(ns)    Netlist Resource(s)
  -------------------------------------------------------------------    -------------------
    T18                                               0.000     0.000 f  btnU
                         net (fo=0)                   0.000     0.000    btnU
    T18                  IBUF (Prop_ibuf_I_O)         0.222     0.222 f  btnU_IBUF_inst/O
                         net (fo=1990, routed)        0.667     0.889    U_RV32I_SYSTEM/U_APB_FND/U_FND/U_COUNTER_4/btnU_IBUF
    SLICE_X10Y12         FDCE                                         f  U_RV32I_SYSTEM/U_APB_FND/U_FND/U_COUNTER_4/counter_r_reg[0]/CLR
  -------------------------------------------------------------------    -------------------

                         (clock sys_clk_pin rise edge)
                                                      0.000     0.000 r  <hidden>
    W5                                                0.000     0.000 r  clk
                         net (fo=0)                   0.000     0.000    clk
    W5                   IBUF (Prop_ibuf_I_O)         0.414     0.414 r  clk_IBUF_inst/O
                         net (fo=1, routed)           0.685     1.099    clk_IBUF
    BUFGCTRL_X0Y0        BUFG (Prop_bufg_I_O)         0.029     1.128 r  clk_IBUF_BUFG_inst/O
                         net (fo=2502, routed)        0.832     1.959    U_RV32I_SYSTEM/U_APB_FND/U_FND/U_COUNTER_4/clk_IBUF_BUFG
    SLICE_X10Y12         FDCE                                         r  U_RV32I_SYSTEM/U_APB_FND/U_FND/U_COUNTER_4/counter_r_reg[0]/C

Slack:                    inf
  Source:                 btnU
                            (input port)
  Destination:            U_RV32I_SYSTEM/U_APB_FND/U_FND/U_COUNTER_4/counter_r_reg[1]/CLR
                            (removal check against rising-edge clock sys_clk_pin  {rise@0.000ns fall@5.000ns period=10.000ns})
  Path Group:             (none)
  Path Type:              Removal (Min at Fast Process Corner)
  Data Path Delay:        0.889ns  (logic 0.222ns (24.954%)  route 0.667ns (75.046%))
  Logic Levels:           1  (IBUF=1)
  Clock Path Skew:        1.959ns (DCD - SCD - CPR)
    Destination Clock Delay (DCD):    1.959ns
    Source Clock Delay      (SCD):    0.000ns
    Clock Pessimism Removal (CPR):    -0.000ns

    Location             Delay type                Incr(ns)  Path(ns)    Netlist Resource(s)
  -------------------------------------------------------------------    -------------------
    T18                                               0.000     0.000 f  btnU
                         net (fo=0)                   0.000     0.000    btnU
    T18                  IBUF (Prop_ibuf_I_O)         0.222     0.222 f  btnU_IBUF_inst/O
                         net (fo=1990, routed)        0.667     0.889    U_RV32I_SYSTEM/U_APB_FND/U_FND/U_COUNTER_4/btnU_IBUF
    SLICE_X10Y12         FDCE                                         f  U_RV32I_SYSTEM/U_APB_FND/U_FND/U_COUNTER_4/counter_r_reg[1]/CLR
  -------------------------------------------------------------------    -------------------

                         (clock sys_clk_pin rise edge)
                                                      0.000     0.000 r  <hidden>
    W5                                                0.000     0.000 r  clk
                         net (fo=0)                   0.000     0.000    clk
    W5                   IBUF (Prop_ibuf_I_O)         0.414     0.414 r  clk_IBUF_inst/O
                         net (fo=1, routed)           0.685     1.099    clk_IBUF
    BUFGCTRL_X0Y0        BUFG (Prop_bufg_I_O)         0.029     1.128 r  clk_IBUF_BUFG_inst/O
                         net (fo=2502, routed)        0.832     1.959    U_RV32I_SYSTEM/U_APB_FND/U_FND/U_COUNTER_4/clk_IBUF_BUFG
    SLICE_X10Y12         FDCE                                         r  U_RV32I_SYSTEM/U_APB_FND/U_FND/U_COUNTER_4/counter_r_reg[1]/C

Slack:                    inf
  Source:                 btnU
                            (input port)
  Destination:            U_RV32I_SYSTEM/U_APB_FND/U_FND/U_CLK_DIV/counter_r_reg[13]/CLR
                            (removal check against rising-edge clock sys_clk_pin  {rise@0.000ns fall@5.000ns period=10.000ns})
  Path Group:             (none)
  Path Type:              Removal (Min at Fast Process Corner)
  Data Path Delay:        0.934ns  (logic 0.222ns (23.757%)  route 0.712ns (76.243%))
  Logic Levels:           1  (IBUF=1)
  Clock Path Skew:        1.962ns (DCD - SCD - CPR)
    Destination Clock Delay (DCD):    1.962ns
    Source Clock Delay      (SCD):    0.000ns
    Clock Pessimism Removal (CPR):    -0.000ns

    Location             Delay type                Incr(ns)  Path(ns)    Netlist Resource(s)
  -------------------------------------------------------------------    -------------------
    T18                                               0.000     0.000 f  btnU
                         net (fo=0)                   0.000     0.000    btnU
    T18                  IBUF (Prop_ibuf_I_O)         0.222     0.222 f  btnU_IBUF_inst/O
                         net (fo=1990, routed)        0.712     0.934    U_RV32I_SYSTEM/U_APB_FND/U_FND/U_CLK_DIV/btnU_IBUF
    SLICE_X8Y7           FDCE                                         f  U_RV32I_SYSTEM/U_APB_FND/U_FND/U_CLK_DIV/counter_r_reg[13]/CLR
  -------------------------------------------------------------------    -------------------

                         (clock sys_clk_pin rise edge)
                                                      0.000     0.000 r  <hidden>
    W5                                                0.000     0.000 r  clk
                         net (fo=0)                   0.000     0.000    clk
    W5                   IBUF (Prop_ibuf_I_O)         0.414     0.414 r  clk_IBUF_inst/O
                         net (fo=1, routed)           0.685     1.099    clk_IBUF
    BUFGCTRL_X0Y0        BUFG (Prop_bufg_I_O)         0.029     1.128 r  clk_IBUF_BUFG_inst/O
                         net (fo=2502, routed)        0.835     1.962    U_RV32I_SYSTEM/U_APB_FND/U_FND/U_CLK_DIV/clk_IBUF_BUFG
    SLICE_X8Y7           FDCE                                         r  U_RV32I_SYSTEM/U_APB_FND/U_FND/U_CLK_DIV/counter_r_reg[13]/C

Slack:                    inf
  Source:                 btnU
                            (input port)
  Destination:            U_RV32I_SYSTEM/U_APB_FND/U_FND/U_CLK_DIV/counter_r_reg[14]/CLR
                            (removal check against rising-edge clock sys_clk_pin  {rise@0.000ns fall@5.000ns period=10.000ns})
  Path Group:             (none)
  Path Type:              Removal (Min at Fast Process Corner)
  Data Path Delay:        0.934ns  (logic 0.222ns (23.757%)  route 0.712ns (76.243%))
  Logic Levels:           1  (IBUF=1)
  Clock Path Skew:        1.962ns (DCD - SCD - CPR)
    Destination Clock Delay (DCD):    1.962ns
    Source Clock Delay      (SCD):    0.000ns
    Clock Pessimism Removal (CPR):    -0.000ns

    Location             Delay type                Incr(ns)  Path(ns)    Netlist Resource(s)
  -------------------------------------------------------------------    -------------------
    T18                                               0.000     0.000 f  btnU
                         net (fo=0)                   0.000     0.000    btnU
    T18                  IBUF (Prop_ibuf_I_O)         0.222     0.222 f  btnU_IBUF_inst/O
                         net (fo=1990, routed)        0.712     0.934    U_RV32I_SYSTEM/U_APB_FND/U_FND/U_CLK_DIV/btnU_IBUF
    SLICE_X8Y7           FDCE                                         f  U_RV32I_SYSTEM/U_APB_FND/U_FND/U_CLK_DIV/counter_r_reg[14]/CLR
  -------------------------------------------------------------------    -------------------

                         (clock sys_clk_pin rise edge)
                                                      0.000     0.000 r  <hidden>
    W5                                                0.000     0.000 r  clk
                         net (fo=0)                   0.000     0.000    clk
    W5                   IBUF (Prop_ibuf_I_O)         0.414     0.414 r  clk_IBUF_inst/O
                         net (fo=1, routed)           0.685     1.099    clk_IBUF
    BUFGCTRL_X0Y0        BUFG (Prop_bufg_I_O)         0.029     1.128 r  clk_IBUF_BUFG_inst/O
                         net (fo=2502, routed)        0.835     1.962    U_RV32I_SYSTEM/U_APB_FND/U_FND/U_CLK_DIV/clk_IBUF_BUFG
    SLICE_X8Y7           FDCE                                         r  U_RV32I_SYSTEM/U_APB_FND/U_FND/U_CLK_DIV/counter_r_reg[14]/C

Slack:                    inf
  Source:                 btnU
                            (input port)
  Destination:            U_RV32I_SYSTEM/U_APB_FND/U_FND/U_CLK_DIV/counter_r_reg[15]/CLR
                            (removal check against rising-edge clock sys_clk_pin  {rise@0.000ns fall@5.000ns period=10.000ns})
  Path Group:             (none)
  Path Type:              Removal (Min at Fast Process Corner)
  Data Path Delay:        0.934ns  (logic 0.222ns (23.757%)  route 0.712ns (76.243%))
  Logic Levels:           1  (IBUF=1)
  Clock Path Skew:        1.962ns (DCD - SCD - CPR)
    Destination Clock Delay (DCD):    1.962ns
    Source Clock Delay      (SCD):    0.000ns
    Clock Pessimism Removal (CPR):    -0.000ns

    Location             Delay type                Incr(ns)  Path(ns)    Netlist Resource(s)
  -------------------------------------------------------------------    -------------------
    T18                                               0.000     0.000 f  btnU
                         net (fo=0)                   0.000     0.000    btnU
    T18                  IBUF (Prop_ibuf_I_O)         0.222     0.222 f  btnU_IBUF_inst/O
                         net (fo=1990, routed)        0.712     0.934    U_RV32I_SYSTEM/U_APB_FND/U_FND/U_CLK_DIV/btnU_IBUF
    SLICE_X8Y7           FDCE                                         f  U_RV32I_SYSTEM/U_APB_FND/U_FND/U_CLK_DIV/counter_r_reg[15]/CLR
  -------------------------------------------------------------------    -------------------

                         (clock sys_clk_pin rise edge)
                                                      0.000     0.000 r  <hidden>
    W5                                                0.000     0.000 r  clk
                         net (fo=0)                   0.000     0.000    clk
    W5                   IBUF (Prop_ibuf_I_O)         0.414     0.414 r  clk_IBUF_inst/O
                         net (fo=1, routed)           0.685     1.099    clk_IBUF
    BUFGCTRL_X0Y0        BUFG (Prop_bufg_I_O)         0.029     1.128 r  clk_IBUF_BUFG_inst/O
                         net (fo=2502, routed)        0.835     1.962    U_RV32I_SYSTEM/U_APB_FND/U_FND/U_CLK_DIV/clk_IBUF_BUFG
    SLICE_X8Y7           FDCE                                         r  U_RV32I_SYSTEM/U_APB_FND/U_FND/U_CLK_DIV/counter_r_reg[15]/C

Slack:                    inf
  Source:                 btnU
                            (input port)
  Destination:            U_RV32I_SYSTEM/U_APB_FND/U_FND/U_CLK_DIV/counter_r_reg[16]/CLR
                            (removal check against rising-edge clock sys_clk_pin  {rise@0.000ns fall@5.000ns period=10.000ns})
  Path Group:             (none)
  Path Type:              Removal (Min at Fast Process Corner)
  Data Path Delay:        0.934ns  (logic 0.222ns (23.757%)  route 0.712ns (76.243%))
  Logic Levels:           1  (IBUF=1)
  Clock Path Skew:        1.962ns (DCD - SCD - CPR)
    Destination Clock Delay (DCD):    1.962ns
    Source Clock Delay      (SCD):    0.000ns
    Clock Pessimism Removal (CPR):    -0.000ns

    Location             Delay type                Incr(ns)  Path(ns)    Netlist Resource(s)
  -------------------------------------------------------------------    -------------------
    T18                                               0.000     0.000 f  btnU
                         net (fo=0)                   0.000     0.000    btnU
    T18                  IBUF (Prop_ibuf_I_O)         0.222     0.222 f  btnU_IBUF_inst/O
                         net (fo=1990, routed)        0.712     0.934    U_RV32I_SYSTEM/U_APB_FND/U_FND/U_CLK_DIV/btnU_IBUF
    SLICE_X8Y7           FDCE                                         f  U_RV32I_SYSTEM/U_APB_FND/U_FND/U_CLK_DIV/counter_r_reg[16]/CLR
  -------------------------------------------------------------------    -------------------

                         (clock sys_clk_pin rise edge)
                                                      0.000     0.000 r  <hidden>
    W5                                                0.000     0.000 r  clk
                         net (fo=0)                   0.000     0.000    clk
    W5                   IBUF (Prop_ibuf_I_O)         0.414     0.414 r  clk_IBUF_inst/O
                         net (fo=1, routed)           0.685     1.099    clk_IBUF
    BUFGCTRL_X0Y0        BUFG (Prop_bufg_I_O)         0.029     1.128 r  clk_IBUF_BUFG_inst/O
                         net (fo=2502, routed)        0.835     1.962    U_RV32I_SYSTEM/U_APB_FND/U_FND/U_CLK_DIV/clk_IBUF_BUFG
    SLICE_X8Y7           FDCE                                         r  U_RV32I_SYSTEM/U_APB_FND/U_FND/U_CLK_DIV/counter_r_reg[16]/C

Slack:                    inf
  Source:                 btnU
                            (input port)
  Destination:            U_RV32I_SYSTEM/U_APB_FND/U_FND/U_CLK_DIV/counter_r_reg[10]/CLR
                            (removal check against rising-edge clock sys_clk_pin  {rise@0.000ns fall@5.000ns period=10.000ns})
  Path Group:             (none)
  Path Type:              Removal (Min at Fast Process Corner)
  Data Path Delay:        0.998ns  (logic 0.222ns (22.239%)  route 0.776ns (77.761%))
  Logic Levels:           1  (IBUF=1)
  Clock Path Skew:        1.963ns (DCD - SCD - CPR)
    Destination Clock Delay (DCD):    1.963ns
    Source Clock Delay      (SCD):    0.000ns
    Clock Pessimism Removal (CPR):    -0.000ns

    Location             Delay type                Incr(ns)  Path(ns)    Netlist Resource(s)
  -------------------------------------------------------------------    -------------------
    T18                                               0.000     0.000 f  btnU
                         net (fo=0)                   0.000     0.000    btnU
    T18                  IBUF (Prop_ibuf_I_O)         0.222     0.222 f  btnU_IBUF_inst/O
                         net (fo=1990, routed)        0.776     0.998    U_RV32I_SYSTEM/U_APB_FND/U_FND/U_CLK_DIV/btnU_IBUF
    SLICE_X8Y6           FDCE                                         f  U_RV32I_SYSTEM/U_APB_FND/U_FND/U_CLK_DIV/counter_r_reg[10]/CLR
  -------------------------------------------------------------------    -------------------

                         (clock sys_clk_pin rise edge)
                                                      0.000     0.000 r  <hidden>
    W5                                                0.000     0.000 r  clk
                         net (fo=0)                   0.000     0.000    clk
    W5                   IBUF (Prop_ibuf_I_O)         0.414     0.414 r  clk_IBUF_inst/O
                         net (fo=1, routed)           0.685     1.099    clk_IBUF
    BUFGCTRL_X0Y0        BUFG (Prop_bufg_I_O)         0.029     1.128 r  clk_IBUF_BUFG_inst/O
                         net (fo=2502, routed)        0.836     1.963    U_RV32I_SYSTEM/U_APB_FND/U_FND/U_CLK_DIV/clk_IBUF_BUFG
    SLICE_X8Y6           FDCE                                         r  U_RV32I_SYSTEM/U_APB_FND/U_FND/U_CLK_DIV/counter_r_reg[10]/C

Slack:                    inf
  Source:                 btnU
                            (input port)
  Destination:            U_RV32I_SYSTEM/U_APB_FND/U_FND/U_CLK_DIV/counter_r_reg[11]/CLR
                            (removal check against rising-edge clock sys_clk_pin  {rise@0.000ns fall@5.000ns period=10.000ns})
  Path Group:             (none)
  Path Type:              Removal (Min at Fast Process Corner)
  Data Path Delay:        0.998ns  (logic 0.222ns (22.239%)  route 0.776ns (77.761%))
  Logic Levels:           1  (IBUF=1)
  Clock Path Skew:        1.963ns (DCD - SCD - CPR)
    Destination Clock Delay (DCD):    1.963ns
    Source Clock Delay      (SCD):    0.000ns
    Clock Pessimism Removal (CPR):    -0.000ns

    Location             Delay type                Incr(ns)  Path(ns)    Netlist Resource(s)
  -------------------------------------------------------------------    -------------------
    T18                                               0.000     0.000 f  btnU
                         net (fo=0)                   0.000     0.000    btnU
    T18                  IBUF (Prop_ibuf_I_O)         0.222     0.222 f  btnU_IBUF_inst/O
                         net (fo=1990, routed)        0.776     0.998    U_RV32I_SYSTEM/U_APB_FND/U_FND/U_CLK_DIV/btnU_IBUF
    SLICE_X8Y6           FDCE                                         f  U_RV32I_SYSTEM/U_APB_FND/U_FND/U_CLK_DIV/counter_r_reg[11]/CLR
  -------------------------------------------------------------------    -------------------

                         (clock sys_clk_pin rise edge)
                                                      0.000     0.000 r  <hidden>
    W5                                                0.000     0.000 r  clk
                         net (fo=0)                   0.000     0.000    clk
    W5                   IBUF (Prop_ibuf_I_O)         0.414     0.414 r  clk_IBUF_inst/O
                         net (fo=1, routed)           0.685     1.099    clk_IBUF
    BUFGCTRL_X0Y0        BUFG (Prop_bufg_I_O)         0.029     1.128 r  clk_IBUF_BUFG_inst/O
                         net (fo=2502, routed)        0.836     1.963    U_RV32I_SYSTEM/U_APB_FND/U_FND/U_CLK_DIV/clk_IBUF_BUFG
    SLICE_X8Y6           FDCE                                         r  U_RV32I_SYSTEM/U_APB_FND/U_FND/U_CLK_DIV/counter_r_reg[11]/C





